Thumb,file name,date,length,friends,alt,ytcode,alternate
https://youtu.be/GOpW3zfMATE?t=1s,Action 52,2017-11-28,1:04,"Dingdong, Julian",,GOpW3zfMATE,
https://youtu.be/VFHfssdiZ0U?t=1s,Adventure Quest,2023-04-23,0:44,"Lyle, Adam",,VFHfssdiZ0U,
https://youtu.be/cMXmVMK2wZ8?t=1s,"Adventures Of Chris, The",2020-11-25,2:20,"Zach, Lyle",,cMXmVMK2wZ8,
https://youtu.be/jtHGuWAzDNU?t=1s,AI Artwork (Volume 1),2022-06-19,1:51,"Zach, Tomar",,jtHGuWAzDNU,
https://youtu.be/cj4VpPioYUs?t=1s,AI Dungeon,2019-12-07,2:28,"Zach, Cory, Tomar",,cj4VpPioYUs,
https://youtu.be/t8H_7xwrvNg?t=1s,AI Games,2022-05-09,2:17,"Zach, Cory, Lyle, Tomar",,t8H_7xwrvNg,
https://youtu.be/lECYn5ETaMk?t=1s,Aladdin,2024-05-16,1:30,"Dave, Cory",,lECYn5ETaMk,
https://youtu.be/QFNJ0JbRVR8?t=1s,Aliens Are Green,2024-10-22,0:51,"Zach, Adam, Tomar",,QFNJ0JbRVR8,
https://youtu.be/zvbxF3ufwz4?t=1s,American Truck Simulator,2017-08-15,0:41,"Dingdong, Julian",https://youtu.be/zvbxF3ufwz4,zvbxF3ufwz4,1Ts61CRKupk
https://youtu.be/LRhCqHxJrB8?t=1s,Amnesia - Rebirth,2020-10-22,1:12,"Lyle, Tomar",,LRhCqHxJrB8,
https://youtu.be/UmUtACGkU48?t=1s,Among Us VR,2025-01-27,0:35,"Cory, Dave",,UmUtACGkU48,
https://youtu.be/CVL6HlBgZFg?t=1s,Antarctic Adventure,2017-12-21,0:15,"Dingdong, Julian",,CVL6HlBgZFg,
https://youtu.be/EjIsUZGjYF0?t=1s,Ape Escape,2017-10-04,1:33,"Dingdong, Julian",,EjIsUZGjYF0,
https://youtu.be/3QZ4IXdP86I?t=1s,Ape Out,2022-02-26,0:26,"Lyle, Tomar",,3QZ4IXdP86I,
https://youtu.be/mfkaBdth51s?t=1s,Astro's Playroom,2020-11-26,0:46,"Lyle, Tomar",,mfkaBdth51s,
https://youtu.be/wzkLVdNX8-I?t=1s,At Dead Of Night,2021-01-27,0:43,"Zach, Tomar",,wzkLVdNX8-I,
https://youtu.be/ranF2UzDKRw?t=1s,Avatar - Frontiers of Pandora,2024-06-25,0:56,"Zach, Lyle, Tomar",,ranF2UzDKRw,
https://youtu.be/oMXw6dH0nLc?t=1s,Baldi's Basics,2024-10-25,0:32,"Cory, Adam, Niall",,oMXw6dH0nLc,
https://youtu.be/_x_DAAIUyGw?t=1s,"Ball, The",2020-11-18,0:44,"Lyle, Tomar",,_x_DAAIUyGw,
https://youtu.be/qQ0GkTtm5hY?t=1s,Banjo Kazooie,2017-05-06,1:51,"Dingdong, Julian",,qQ0GkTtm5hY,
https://youtu.be/7nzCWSWiR1w?t=1s,Bayonetta,2020-09-11,1:35,"Lyle, Tomar",,7nzCWSWiR1w,
https://youtu.be/ZbCmHk8F6A8?t=1s,BeamNG,2019-04-08,2:34,"Mick, Tomar",,ZbCmHk8F6A8,
https://youtu.be/VEaKgw6n8ao?t=1s,Beyond Good & Evil,2020-08-20,1:01,"Lyle, Tomar",,VEaKgw6n8ao,
https://youtu.be/bLiB2Sl1_Lk?t=1s,Binding Of Isaac - Antibirth,2019-04-19,1:22,"Tomar, Mick",,bLiB2Sl1_Lk,
https://youtu.be/f3nA65byfUg?t=1s,"Binding Of Isaac, The",2019-01-31,2:59,"Mick, Tomar",,f3nA65byfUg,
https://youtu.be/qtdYwfTDe6E?t=1s,Biomutant,2021-11-01,1:17,"Lyle, Tomar",,qtdYwfTDe6E,
https://youtu.be/4W5ToU4ww5Q?t=1s,Black Baby,2018-08-26,1:00,"Zach, Lyle",,4W5ToU4ww5Q,
https://youtu.be/OPiII1O9G3k?t=1s,Blair Witch,2019-10-26,1:16,"Zach, Tomar",,OPiII1O9G3k,
https://youtu.be/xNbuVYaP9Wc?t=1s,Blasphemous,2019-09-23,0:46,"Lyle, Tomar",,xNbuVYaP9Wc,
https://youtu.be/_2Jfeiyp98s?t=1s,Bloodborne,2017-08-19,2:36,"Dingdong, Julian, Mick",https://youtu.be/_2Jfeiyp98s,_2Jfeiyp98s,Gzi-SKiygwg
https://youtu.be/s-iWXO0zSMo?t=1s,Blue Stinger,2017-08-29,0:56,"Dingdong, Julian",,s-iWXO0zSMo,
https://youtu.be/kKwf26aiqqc?t=1s,Body Discovery,2019-06-24,0:19,"Lyle, Tomar",,kKwf26aiqqc,
https://youtu.be/9r99PWSA3W4?t=1s,Bowser's Fury,2021-03-05,1:59,"Lyle, Tomar",,9r99PWSA3W4,
https://youtu.be/lwzgVRNI4P0?t=1s,Bramble,2023-05-30,3:26,"Lyle, Tomar",,lwzgVRNI4P0,
https://youtu.be/v4MPKOdqbUk?t=1s,Bubsy - The Woolies Strike Back,2017-11-05,0:15,"Dingdong, Julian",,v4MPKOdqbUk,
https://youtu.be/Z683Eo_G1Mg?t=1s,Buckshot Roulette,2024-10-24,0:59,"Cory, Dave",,Z683Eo_G1Mg,
https://youtu.be/LMfSp-y6umI?t=1s,Bully,2018-03-24,1:21,"Niall, Amin",,LMfSp-y6umI,
https://youtu.be/ijukO8vKZfY?t=1s,"Cabin Factory, The",2025-10-22,0:45,"Lyle, Tomar",,ijukO8vKZfY,
https://youtu.be/JhfQgdvIABg?t=1s,Carrion,2020-08-06,0:41,"Lyle, Tomar",,JhfQgdvIABg,
https://youtu.be/6ufqYiMEe5Q?t=1s,Casper - Ep 1,2016-10-27,0:10,"Dingdong, Julian",,6ufqYiMEe5Q,
https://youtu.be/afK1v2w_rTo?t=1s,Casper - Ep 2,2016-10-28,0:10,"Dingdong, Julian",,afK1v2w_rTo,
https://youtu.be/uCLXRmW7Glc?t=1s,Castle Crashers,2025-06-26,1:18,"Cory, Dave, Tom",,uCLXRmW7Glc,
https://youtu.be/EEVzMJ4f-l8?t=1s,Castlevania,2019-11-04,1:14,"Dave, Cory",,EEVzMJ4f-l8,
https://youtu.be/tnS4ZZkW8oc?t=1s,Castlevania - Rondo Of Blood,2019-11-26,0:50,"Dave, Cory",,tnS4ZZkW8oc,
https://youtu.be/9KqUe11srkY?t=1s,Catwoman,2016-08-09,0:40,"Dingdong, Julian",,9KqUe11srkY,
https://youtu.be/qxpcHcp6-T0?t=1s,Chameleon Twist - Ep 1,2016-10-17,0:10,"Dingdong, Lyle",,qxpcHcp6-T0,
https://youtu.be/z9m4TjhsoS8?t=1s,Chameleon Twist - Ep 2,2016-10-18,0:10,"Dingdong, Lyle",,z9m4TjhsoS8,
https://youtu.be/xIX5ICTpthE?t=1s,Chivalry - Medieval Warfare,2014-11-20,0:10,null,,xIX5ICTpthE,
https://youtu.be/CndOYC_2-9A?t=1s,Christmas Nights Into Dreams,2016-12-31,0:13,"Dingdong, Julian",,CndOYC_2-9A,
https://youtu.be/wXK0hxCnRKk?t=1s,Chronicles of Mystara Ep 1,2016-04-19,0:14,Dingdong,,wXK0hxCnRKk,
https://youtu.be/8fu6W-R_Pzs?t=1s,Chronicles of Mystara Ep 2,2016-04-25,0:13,Dingdong,,8fu6W-R_Pzs,
https://youtu.be/swpHQjgsYfM?t=1s,Civilization VI,2022-03-29,5:55,"Zach, Tomar, Cory",,swpHQjgsYfM,
https://youtu.be/MUCnMwlnxV4?t=1s,Clair Obscur - Expedition 33,2025-09-01,1:11,"Lyle, Niall",,MUCnMwlnxV4,
https://youtu.be/PU16PtCdemM?t=1s,"Classrooms, The",2024-10-19,0:57,"Cory, Dave",,PU16PtCdemM,
https://youtu.be/dZpgrOFQyms?t=1s,Conker's Bad Fur Day,2024-06-15,5:53,"Cory, Hans",,dZpgrOFQyms,
https://youtu.be/G-eLLSKJcdM?t=1s,Control,2019-10-02,0:50,"Lyle, Tomar",,G-eLLSKJcdM,
https://youtu.be/XDPMdntfHfY?t=1s,Cool Dino Games (Weird Itch.Io Games),2020-05-21,1:14,"Zach, Lyle",,XDPMdntfHfY,
https://youtu.be/8ju-mwGVfEA?t=1s,Cosmic Boll,2018-08-28,0:17,"Zach, Lyle",,8ju-mwGVfEA,
https://youtu.be/jdCOEY5hnY8?t=1s,Crash Bandicoot,2017-04-16,1:56,"Dingdong, Julian",,jdCOEY5hnY8,
https://youtu.be/_nRfJptXgWg?t=1s,Crash Bandicoot - Wrath Of Cortex,2017-04-13,1:36,"Dingdong, Julian",,_nRfJptXgWg,
https://youtu.be/f0UrsTrH7uw?t=1s,Crash Bandicoot 2 - Cortex Strikes Back,2016-10-08,3:35,"Dingdong, Julian",,f0UrsTrH7uw,
https://youtu.be/sn3T7xdPwss?t=1s,Crash Bandicoot 3 - Warped,2017-06-20,1:57,"Dingdong, Julian",,sn3T7xdPwss,
https://youtu.be/OaqtrkxRBUs?t=1s,Crash Bandicoot 4 - It's About Time,2020-09-18,2:08,"Lyle, Tomar",,OaqtrkxRBUs,
https://youtu.be/qnHSQPcuv-E?t=1s,Crash Bandicoot For PC,2017-09-02,0:16,"Dingdong, Julian, Matt",,qnHSQPcuv-E,
https://youtu.be/ZZs7SaQOiVc?t=1s,Crash N. Sane Trilogy,2017-06-29,3:52,"Dingdong, Julian",,ZZs7SaQOiVc,
https://youtu.be/j4fDuGmH_xc?t=1s,Crash N.Tense Adventure (Fan Game),2018-08-27,0:28,"Zach, Lyle",,j4fDuGmH_xc,
https://youtu.be/UdrqiRM8-lI?t=1s,Crash Team Racing Nitro-Fueled,2019-06-22,1:55,"Lyle, Tomar",,UdrqiRM8-lI,
https://youtu.be/KnUxkIfRQQ8?t=1s,Crash Twinsanity,2017-09-25,1:31,"Dingdong, Julian",,KnUxkIfRQQ8,
https://youtu.be/wn3s-4rS7qA?t=1s,Creepy Pasta Land 2 - SCP Force,2017-09-16,0:20,"Dingdong, Julian, Matt",,wn3s-4rS7qA,
https://youtu.be/cuC5oFVWVFg?t=1s,Croc,2018-06-20,1:53,"Zach, Lyle",,cuC5oFVWVFg,
https://youtu.be/GAaPxWKlYT4?t=1s,Crumble,2020-12-17,1:13,"Lyle, Tomar",,GAaPxWKlYT4,
https://youtu.be/rToD75vUAjg?t=1s,Cubix,2016-08-21,0:11,"Dingdong, Julian",,rToD75vUAjg,
https://youtu.be/88Z8gPa2zc4?t=1s,Cuphead,2017-10-04,0:10,"Dingdong, Julian",,88Z8gPa2zc4,
https://youtu.be/uCcKjRRaHoc?t=1s,Cuphead Gameplay - It's Not Easy.,2017-10-02,0:17,"Dingdong, Julian",,uCcKjRRaHoc,
https://youtu.be/bApCo-rbx98?t=1s,Cyberpunk 2077,2020-12-15,1:23,"Zach, Tomar",,bApCo-rbx98,
https://youtu.be/V3QUsAoYSq4?t=1s,D,2017-10-19,0:52,"Dingdong, Julian",,V3QUsAoYSq4,
https://youtu.be/TF0Rj1MBUSM?t=1s,Dark Messiah Of Might And Magic,2021-07-07,1:15,"Lyle, Tomar",,TF0Rj1MBUSM,
https://youtu.be/pXEbzzlJHrg?t=1s,Dark Souls (2014),2014-05-26,11:46,Solo,,pXEbzzlJHrg,
https://youtu.be/mTImiu5VERs?t=1s,Dark Souls (2017),2017-07-08,5:35,"Dingdong, Julian",,mTImiu5VERs,
https://youtu.be/I1ZQhassRGk?t=1s,Dark Souls (2023),2023-06-30,9:18,"Cory, Adam",,I1ZQhassRGk,
https://youtu.be/yfbSzP3RVnA?t=1s,Dark Souls 2 (2014) - Ep 1,2014-07-22,0:17,Solo,,yfbSzP3RVnA,
https://youtu.be/AhqDWNCzuG4?t=1s,Dark Souls 2 (2014) - Ep 2,2014-07-23,0:18,Solo,,AhqDWNCzuG4,
https://youtu.be/f_-plyvmpmo?t=1s,Dark Souls 2 (2014) - Ep 3,2014-07-25,0:10,Solo,,f_-plyvmpmo,
https://youtu.be/bptvUwy5VCg?t=1s,Dark Souls 2 (2023),2023-08-07,6:00,"Cory, Adam",,bptvUwy5VCg,
https://youtu.be/H_zCtE21NCA?t=1s,Dark Souls 3 (2018) - Ep 1,2018-07-03,0:21,Solo,,H_zCtE21NCA,
https://youtu.be/MZm-b4sIpCI?t=1s,Dark Souls 3 (2018) - Ep 2,2018-07-08,0:20,Waffle,,MZm-b4sIpCI,
https://youtu.be/Y8IN00PtWb4?t=1s,Dark Souls 3 (2019),2019-02-20,1:09,"Mick, Tomar",,Y8IN00PtWb4,
https://youtu.be/zLsVVRtqWTQ?t=1s,"Darkness 2, The",2022-09-17,0:43,"Lyle, Tomar",,zLsVVRtqWTQ,
https://youtu.be/cZoLPuTVJ00?t=1s,Day Z,2014-11-19,2:10,Solo,,cZoLPuTVJ00,
https://youtu.be/qEQRe6toTdU?t=1s,Dead Estate,2021-11-29,0:45,"Lyle, Tomar",,qEQRe6toTdU,
https://youtu.be/MomvrjEts08?t=1s,Dead Island 2 - Ep 1,2023-05-17,0:20,"Lyle, Tomar",,MomvrjEts08,
https://youtu.be/XgzfcK5TEh4?t=1s,Dead Island 2 - Ep 2,2023-05-19,0:29,"Lyle, Tomar",,XgzfcK5TEh4,
https://youtu.be/79m0hm2eEIU?t=1s,Dead Rising,2017-05-03,0:32,"Dingdong, Julian",,79m0hm2eEIU,
https://youtu.be/eUWHkqlbaOw?t=1s,Dead Space,2019-10-20,0:43,"Cory, Jeff, Dave",,eUWHkqlbaOw,
https://youtu.be/VAtK6ZakTgk?t=1s,Deadly Premonition,2017-08-21,1:46,"Dingdong, Julian",,VAtK6ZakTgk,
https://youtu.be/8ppRwKc3wXk?t=1s,Death Road To Canada,2023-03-29,2:18,"Cory, Tomar",,8ppRwKc3wXk,
https://youtu.be/oH4V3njpB-I?t=1s,Deathloop,2021-11-03,0:26,"Lyle, Tomar",,oH4V3njpB-I,
https://youtu.be/wCuZnIMVo74?t=1s,Decap Attack,2024-05-26,1:16,"Lyle, Cory",,wCuZnIMVo74,
https://youtu.be/hMiGl_oIN3E?t=1s,Demon Souls (Stream) 1,2025-09-01,1:17,Dave,,hMiGl_oIN3E,
https://youtu.be/JZSpc3f8Lqw?t=1s,Demon Souls (Stream) 2,2025-09-03,2:10,Dave,,JZSpc3f8Lqw,
https://youtu.be/_O0cPTvJ7g4?t=1s,Demon's Souls (2020 Remake Ps5),2020-11-28,2:08,"Lyle, Tomar",,_O0cPTvJ7g4,
https://youtu.be/LACXgwcMeWs?t=1s,Demon's Souls With Nakey Jakey,2019-03-19,3:39,NakeyJakey,https://youtu.be/LACXgwcMeWs,LACXgwcMeWs,e8ooNRM39dk
https://youtu.be/AkhVSO0Oaiw?t=1s,Destroy All Humans!,2020-08-08,1:06,"Zach, Lyle",,AkhVSO0Oaiw,
https://youtu.be/1Y4HS-ugVBg?t=1s,Detroit - Become Human,2021-03-14,1:01,"Lyle, Tomar",,1Y4HS-ugVBg,
https://youtu.be/7QcsKIWEMfQ?t=1s,Devil May Cry 5,2019-09-05,1:13,"Cory, Dave, Jeff",https://youtu.be/7QcsKIWEMfQ,7QcsKIWEMfQ,tlXEOxLN77c
https://youtu.be/WgnPlJWDyTY?t=1s,Devotion,2019-10-19,1:13,"Zach, Tomar",,WgnPlJWDyTY,
https://youtu.be/4zXI0ZnVQwM?t=1s,Digimon Rury - Ep 1,2017-07-25,0:10,"Dingdong, Julian",,4zXI0ZnVQwM,
https://youtu.be/841c_f_1dCE?t=1s,Digimon Rury - Ep 2,2017-07-26,0:11,"Dingdong, Julian",,841c_f_1dCE,
https://youtu.be/R--Nz8rkGe8?t=1s,Digimon Story - Cyber Sleuth,2021-04-01,5:20,"Dingdong, Julian",,R--Nz8rkGe8,
https://youtu.be/Tu0ouH5dLbc?t=1s,Dinosaur Planet (Star Fox Adventures),2021-03-04,0:27,"Lyle, Tomar",,Tu0ouH5dLbc,
https://youtu.be/Be5EPFVu-Js?t=1s,Disney Skate Adventure,2016-07-30,0:11,Matt,,Be5EPFVu-Js,
https://youtu.be/XAMEojsn_fY?t=1s,Dmc - Devil May Cry,2019-06-12,4:42,"Lyle, Tomar",,XAMEojsn_fY,
https://youtu.be/Pyk28M_PZNw?t=1s,Don't Starve,2016-09-18,0:43,"Cory, Dingdong",https://youtu.be/Pyk28M_PZNw,Pyk28M_PZNw,xbzBbZZYL-w
https://youtu.be/1CYzkg3SkC0?t=1s,Donkey Kong 5 [Bootleg Game],2017-09-29,0:25,"Dingdong, Julian",,1CYzkg3SkC0,
https://youtu.be/lOHmutS9vlY?t=1s,Donkey Kong 64,2022-12-09,0:29,"Zach, Adam P, Tomar",,lOHmutS9vlY,
https://youtu.be/KW5IiH-zu14?t=1s,Donkey Kong Bananza,2025-07-28,2:32,"Lyle, Niall",,KW5IiH-zu14,
https://youtu.be/EsR0qHCZ6ps?t=1s,Donkey Kong Country,2022-09-02,1:03,"Zach, Dave",,EsR0qHCZ6ps,
https://youtu.be/Dl_tv--2shw?t=1s,Donkey Kong Country 2 (2017),2017-03-16,0:32,"Dingdong, Julian",,Dl_tv--2shw,
https://youtu.be/3HnJoobC0j4?t=1s,Donkey Kong Country 2 (2018),2018-09-17,1:46,"Zach, Tomar, Veronica",,3HnJoobC0j4,
https://youtu.be/3I8ARVJRd7Y?t=1s,Donkey Kong Country 3,2021-11-23,0:23,"Kirbopher, Tomar",,3I8ARVJRd7Y,
https://youtu.be/ny8ep8zFEm0?t=1s,DOS Games (2018),2018-05-09,0:18,"Dingdong, Julian",,ny8ep8zFEm0,
https://youtu.be/Ss3KI_7RXf0?t=1s,DOS Games (2021),2021-11-09,0:27,"Adam, Tomar",,Ss3KI_7RXf0,
https://youtu.be/ROH4bw4aOgM?t=1s,DOS Games (2022),2022-06-08,1:25,"Zach, Cory, Tomar",,ROH4bw4aOgM,
https://youtu.be/AHej1_dk01A?t=1s,Downwell,2024-06-11,1:11,"Niall, Adam, Tomar",,AHej1_dk01A,
https://youtu.be/kpWhUbENWEY?t=1s,Dragons Dogma - Dark Arisen,2019-08-16,2:03,"Cory, Jeff, Dave",,kpWhUbENWEY,
https://youtu.be/cP8V9yAsyNk?t=1s,Dream Emulator,2019-10-24,0:59,"Cory, Dave",,cP8V9yAsyNk,
https://youtu.be/e-lA0ge4DHk?t=1s,Dredge,2023-05-11,0:35,"Lyle, Tomar",,e-lA0ge4DHk,
https://youtu.be/Yj0fa3-RwlE?t=1s,Dying Light,2021-10-31,0:42,"Adam, Ben?",,Yj0fa3-RwlE,
https://youtu.be/4VvPs9kEHRE?t=1s,Earthworm Jim 2,2017-10-05,1:07,"Dingdong, Julian, Amin, Cousin Bunkus",,4VvPs9kEHRE,
https://youtu.be/Dw2C9Wwh-sU?t=1s,Ebola Game,2019-07-19,0:21,"Lyle, Tomar",,Dw2C9Wwh-sU,
https://youtu.be/suF90IzF0uU?t=1s,Ecstatica,2023-10-31,0:47,"Cory, Tomar",,suF90IzF0uU,
https://youtu.be/egfOKxBC4qU?t=1s,Elden Ring (2022),2022-04-07,1:36,"Lyle, Tomar",,egfOKxBC4qU,
https://youtu.be/UKWCDYnMu9Y?t=1s,Elden Ring (2023),2023-06-27,1:45,"Lyle, Tomar",,UKWCDYnMu9Y,
https://youtu.be/D4VUqsAOY48?t=1s,Elden Ring (Stream),2022-09-18,3:05,Cory,,D4VUqsAOY48,
https://youtu.be/SFXdL5jl3tY?t=1s,Enchanted Portals,2024-09-03,0:22,"Cory, Tomar",,SFXdL5jl3tY,
https://youtu.be/9gXBUMziHR4?t=1s,Every Dragon Ball Z (Dbz) Game,2019-09-30,2:25,"Cory, Dave, Zach, Lyle",,9gXBUMziHR4,
https://youtu.be/CiBteXAWbDg?t=1s,Exo One,2020-09-10,0:37,"Zach, Lyle",,CiBteXAWbDg,
https://youtu.be/OvTsW_W0cUU?t=1s,F-Zero X Expansion,2017-06-12,0:56,"Dingdong, Julian",https://youtu.be/OvTsW_W0cUU,OvTsW_W0cUU,cme4jqVwduw
https://youtu.be/ST5kmmun4f4?t=1s,F.E.A.R.,2018-10-12,1:07,"Zach, Tomar",,ST5kmmun4f4,
https://youtu.be/itqbxwn67lU?t=1s,Fall Guys,2020-08-23,0:31,"Zach, Lyle, Tomar",,itqbxwn67lU,
https://youtu.be/ttZTd5pp0n4?t=1s,Fallout - New Vegas,2019-02-10,4:11,"Tomar, Mick",,ttZTd5pp0n4,
https://youtu.be/25CZ7Qkp40E?t=1s,Family Guy - Video Game!,2017-03-12,0:16,"Dingdong, Julian",,25CZ7Qkp40E,
https://youtu.be/NCMgy8nPi2M?t=1s,Fan Game,2020-06-28,0:28,"Zach, Tomar",,NCMgy8nPi2M,
https://youtu.be/ZH2ttyJ03lo?t=1s,Fancy Pants Adventure,2022-12-15,0:43,"Cory, Lyle",,ZH2ttyJ03lo,
https://youtu.be/06WXeI1l9AA?t=1s,Far Cry 5,2018-04-17,0:36,Waffle,,06WXeI1l9AA,
https://youtu.be/OuNbabZhC4Y?t=1s,Fat Dude Simulator,2019-05-26,0:14,"Zach, Tomar",,OuNbabZhC4Y,
https://youtu.be/tXpKuxZperw?t=1s,Fat Prisoner Simulator,2019-06-19,0:11,"Lyle, Tomar",,tXpKuxZperw,
https://youtu.be/XgDC1W08lRA?t=1s,Fatal Frame - Ep 1,2016-10-25,0:10,"Dingdong, Julian",,XgDC1W08lRA,
https://youtu.be/15oruouR_Bs?t=1s,Fatal Frame - Ep 2,2016-10-26,0:10,"Dingdong, Julian",,15oruouR_Bs,
https://youtu.be/cuquA3EApr8?t=1s,Fear And Hunger,2023-10-20,1:42,"Lyle, Tomar",,cuquA3EApr8,
https://youtu.be/XFMHoTUHLVc?t=1s,Fifa 22,2022-03-04,0:47,"Adam, Tomar",,XFMHoTUHLVc,
https://youtu.be/n2JwvShk3Cw?t=1s,Fight Crab,2020-12-26,0:24,"Lyle, Tomar",,n2JwvShk3Cw,
https://youtu.be/diSPTBLqTLk?t=1s,Final Fantasy 15,2016-12-05,0:10,"Dingdong, Julian",,diSPTBLqTLk,
https://youtu.be/uKrU9g6JmVg?t=1s,Final Fantasy VII,2016-04-16,2:24,"Dingdong, Julian",,uKrU9g6JmVg,
https://youtu.be/k_LqNiQmfKE?t=1s,Final Fantasy VII Remake (Stream),2020-09-13,2:39,Veronica,,k_LqNiQmfKE,
https://youtu.be/H22_A1bFNCg?t=1s,Final Fantasy VII Remake 1,2020-04-17,0:21,"Lyle, Tomar",,H22_A1bFNCg,
https://youtu.be/jQt-9hHFEa4?t=1s,Final Fantasy VII Remake 2,2020-04-25,0:21,"Lyle, Tomar",,jQt-9hHFEa4,
https://youtu.be/7Zhu0UHXo4Q?t=1s,Final Fantasy X,2020-03-19,1:47,"Lyle, Tomar",,7Zhu0UHXo4Q,
https://youtu.be/QrgfgHf4Hok?t=1s,Five Nights At Freddy's,2019-10-28,1:04,"Dave, Cory",https://youtu.be/QrgfgHf4Hok,QrgfgHf4Hok,GAJBPe6XuEM
https://youtu.be/uTcRo7l6dRQ?t=1s,Five Nights At Freddy's - Help Wanted,2022-10-31,1:09,"Zach, Cory, Tomar",,uTcRo7l6dRQ,
https://youtu.be/fSI9V3pCKmI?t=1s,Five Nights At Freddy's - Into the Pit,2024-10-26,2:48,"Cory, Tomar",,fSI9V3pCKmI,
https://youtu.be/mbHhAPDSiOY?t=1s,Five Nights At Freddy's - Sister Location,2023-10-27,0:52,"Cory, Dave",,mbHhAPDSiOY,
https://youtu.be/s-Njobit39s?t=1s,Five Nights At Freddy's 2,2023-10-27,0:35,"Dave, Cory",,s-Njobit39s,
https://youtu.be/j1lblZ2krZU?t=1s,Flanders Killer 7,2017-04-06,0:15,"Dingdong, Julian",,j1lblZ2krZU,
https://youtu.be/lTwMGqyQUKo?t=1s,Flicky The Bird,2020-09-03,0:22,"Lyle, Tomar",,lTwMGqyQUKo,
https://youtu.be/uTFi-lk5BFM?t=1s,Flintstones,2018-06-09,0:18,"Zach, Lyle",,uTFi-lk5BFM,
https://youtu.be/uiauMOyRZl0?t=1s,Fly,2021-02-08,0:14,"Lyle, Tomar",,uiauMOyRZl0,
https://youtu.be/aSzGRmgdJvQ?t=1s,Forspoken,2023-05-24,4:14,"Zach, Lyle",,aSzGRmgdJvQ,
https://youtu.be/NnhIbMejxa4?t=1s,Friday The 13Th,2017-09-30,0:54,"Dingdong, Julian",,NnhIbMejxa4,
https://youtu.be/YbvniK7Bok4?t=1s,Frogger - The Great Quest - Ep 1,2021-09-10,0:21,"Adam, Tomar",,YbvniK7Bok4,
https://youtu.be/m8ScdWcaV1U?t=1s,Frogger - The Great Quest - Ep 2,2021-09-15,0:28,"Adam, Tomar",,m8ScdWcaV1U,
https://youtu.be/0Y-Evv5zusQ?t=1s,Funny Dinosaur Game,2018-04-08,0:14,"Zach, Lyle",,0Y-Evv5zusQ,
https://youtu.be/JO2txXJVxBQ?t=1s,G-Force,2022-06-05,0:46,"Lyle, Cory",,JO2txXJVxBQ,
https://youtu.be/7tPRAhZHAmA?t=1s,Gameboy Advance Sp Blue Edition Creepypasta,2017-11-02,0:11,Solo,,7tPRAhZHAmA,
https://youtu.be/W6mFibZZECw?t=1s,Gang Beasts (2018),2018-01-13,0:38,"Dingdong, Julian, Lyle",,W6mFibZZECw,
https://youtu.be/jdTeAy6Cnqo?t=1s,Gang Beasts (2020),2020-05-18,0:47,"Zach, Lyle, Tomar",,jdTeAy6Cnqo,
https://youtu.be/nT7zDVUq8ig?t=1s,Garten Of Banban,2023-10-30,0:24,"Cory, Dave, Lyle",,nT7zDVUq8ig,
https://youtu.be/mMzBnStSAV4?t=1s,Gex,2017-03-22,0:46,"Dingdong, Julian",,mMzBnStSAV4,
https://youtu.be/T-yMwJoJdlk?t=1s,Ghostrunner,2020-11-13,1:04,"Lyle, Tomar",,T-yMwJoJdlk,
https://youtu.be/B1GcyMiMims?t=1s,Ghostwire - Tokyo,2022-04-05,0:45,"Lyle, Tomar",,B1GcyMiMims,
https://youtu.be/TvFavbamMXE?t=1s,Giants Uprising,2023-01-13,0:28,"Zach, Lyle, Tomar",,TvFavbamMXE,
https://youtu.be/zI_TAHu0GDY?t=1s,God Of War,2017-10-13,1:25,"Lyle, Tomar",,zI_TAHu0GDY,
https://youtu.be/uzkG9ePbC84?t=1s,God Of War Remake,2018-04-28,1:03,"Zach, Tomar",,uzkG9ePbC84,
https://youtu.be/_aVQBSWJTuY?t=1s,Golden Axe,2020-03-05,1:04,"Lyle, Tomar",,_aVQBSWJTuY,
https://youtu.be/qcHDFZflt3c?t=1s,Golden Light,2021-10-24,0:38,"Lyle, Tomar",,qcHDFZflt3c,
https://youtu.be/SZ7gR3dC-Ic?t=1s,Gollum,2023-05-31,1:15,"Cory, Tomar, Adam P",,SZ7gR3dC-Ic,
https://youtu.be/xJHJFEnYn8A?t=1s,Graffiti Kingdom,2025-02-17,5:24,"Cory, Dave",,xJHJFEnYn8A,
https://youtu.be/xuZGmRtGHnM?t=1s,Grime,2021-08-31,0:46,"Lyle, Tomar",,xuZGmRtGHnM,
https://youtu.be/gHLjp4EbV4I?t=1s,"Grinch, The",2016-12-21,0:19,"Dingdong, Julian",,gHLjp4EbV4I,
https://youtu.be/0UCOq_W_z1w?t=1s,GTA - San Andreas (Definitive),2021-11-26,0:49,"Lyle, Tomar",,0UCOq_W_z1w,
https://youtu.be/CIZpTZqVX6A?t=1s,GTA - Vice City,2017-12-13,0:45,"Dingdong, Julian",,CIZpTZqVX6A,
https://youtu.be/bHy0gcRaaeA?t=1s,GTA - Vice City (Definitive),2021-12-16,1:09,"Zach, Tomar",,bHy0gcRaaeA,
https://youtu.be/rPo3iRe38ww?t=1s,GTA 5 Online,2020-06-15,2:23,"Zach, Lyle, Tomar",,rPo3iRe38ww,
https://youtu.be/R1wQGmiWK4U?t=1s,GTA 5 With Mods,2015-05-06,2:40,"Dingdong, Julian",,R1wQGmiWK4U,
https://youtu.be/8s6Apr06LPE?t=1s,Guts And Glory,2020-02-08,0:36,"Zach, Tomar",,8s6Apr06LPE,
https://youtu.be/jlLmRYtYwMs?t=1s,H1Z1,2015-09-11,0:10,Solo,,jlLmRYtYwMs,
https://youtu.be/Csl9PkdOW7c?t=1s,Hades,2020-11-14,1:36,"Lyle, Tomar",,Csl9PkdOW7c,
https://youtu.be/EfwFslFXpWk?t=1s,Half Sword,2026-01-21,0:51,"Lyle, Tomar, Zach",,EfwFslFXpWk,
https://youtu.be/CNACPLAe6XE?t=1s,Half-Life 2 (2015) - Ep 1,2015-02-18,0:11,Solo,,CNACPLAe6XE,
https://youtu.be/bZJ7xQVN4sI?t=1s,Half-Life 2 (2015) - Ep 2,2015-02-19,0:12,Solo,,bZJ7xQVN4sI,
https://youtu.be/NLasCk67Wcc?t=1s,Half-Life 2 (2019),2019-07-26,1:15,"Lyle, Tomar",,NLasCk67Wcc,
https://youtu.be/D0czfqrj2WQ?t=1s,Half-Life Alyx,2024-12-05,1:15,"Niall, Cory, Dave",,D0czfqrj2WQ,
https://youtu.be/r87bWYkOP5w?t=1s,Half-Life Co-Op,2018-06-01,0:23,"Waffle, Steve",,r87bWYkOP5w,
https://youtu.be/Z7K71hudSh8?t=1s,Halo 3,2018-05-19,0:10,"Dingdong, Julian",,Z7K71hudSh8,
https://youtu.be/Tdnmh1Q43Rk?t=1s,Halo Infinite,2022-02-04,1:09,"Lyle, Tomar",,Tdnmh1Q43Rk,
https://youtu.be/_jNzaPDi2pU?t=1s,Haneko's Late Homework,2024-10-21,0:38,"Niall, Adam, Tomar",,_jNzaPDi2pU,
https://youtu.be/OLcPoZqfgfA?t=1s,Harley's Humongous Adventure,2024-05-04,0:43,"Adam, Cory",,OLcPoZqfgfA,
https://youtu.be/pmvlrFP7kBc?t=1s,Harry Potter and the Chamber of Secrets (2014) - Ep 1,2014-11-06,0:10,Solo,,pmvlrFP7kBc,
https://youtu.be/V5e_LseSVGI?t=1s,Harry Potter and the Chamber of Secrets (2014) - Ep 2,2014-11-06,0:11,Solo,,V5e_LseSVGI,
https://youtu.be/wllz3DRDmy8?t=1s,Harry Potter and the Chamber of Secrets (2016) - Ep 1,2016-09-11,0:12,"Dingdong, Julian",,wllz3DRDmy8,
https://youtu.be/dfRmqIbKtMQ?t=1s,Harry Potter and the Chamber of Secrets (2016) - Ep 2,2016-09-11,0:11,"Dingdong, Julian",,dfRmqIbKtMQ,
https://youtu.be/JA3uWd9UsIs?t=1s,Harry Potter and the Chamber of Secrets (2016) - Ep 3,2016-09-12,0:12,"Dingdong, Julian",,JA3uWd9UsIs,
https://youtu.be/mae2i1atCWk?t=1s,Harry Potter And The Chamber Of Secrets (2019),2019-05-08,2:16,"Cory, Tomar",,mae2i1atCWk,
https://youtu.be/ld876L0Bv9k?t=1s,Harry Potter And The Sorcerer's Stone,2014-09-24,2:54,Solo,,ld876L0Bv9k,
https://youtu.be/89YAaBzrVD8?t=1s,Harry Potter Roleplay - Ep 1,2018-05-28,0:21,"Waffle, Steve",,89YAaBzrVD8,
https://youtu.be/i3NlESX4FDw?t=1s,Harry Potter Roleplay - Ep 2,2018-05-30,0:21,"Waffle, Steve",,i3NlESX4FDw,
https://youtu.be/3Q5lD2taqfM?t=1s,Harvester,2021-10-20,1:38,"Lyle, Tomar",,3Q5lD2taqfM,
https://youtu.be/mEpRfSNZZPk?t=1s,Hercules,2018-08-15,0:53,"Zach, Lyle",https://youtu.be/mEpRfSNZZPk,mEpRfSNZZPk,P9YNKy1aZiQ
https://youtu.be/xCPOjcEt-3s?t=1s,Hilariously Bad PC Games - Ep 1,2019-05-11,0:23,"Waffle, Cory",,xCPOjcEt-3s,
https://youtu.be/ocdQB9znQPA?t=1s,Hilariously Bad PC Games - Ep 2,2019-05-13,0:21,"Waffle, Cory",,ocdQB9znQPA,
https://youtu.be/YgtKqjS1VB0?t=1s,Hitman 2,2019-11-22,3:51,"Zach, Tomar",,YgtKqjS1VB0,
https://youtu.be/d74Uepi6kog?t=1s,Hitman 3,2021-03-19,1:03,"Zach, Tomar",,d74Uepi6kog,
https://youtu.be/V7Yr1Xj7S9E?t=1s,Hogwarts Legacy,2023-02-12,1:39,"Adam, Tomar",,V7Yr1Xj7S9E,
https://youtu.be/vYtZvFojtFA?t=1s,Hollow Knight,2018-09-20,0:46,"Zach, Tomar",,vYtZvFojtFA,
https://youtu.be/oxa9t7ETg1I?t=1s,Home Alone,2021-12-25,0:37,"Zach, Tomar",,oxa9t7ETg1I,
https://youtu.be/2cKKPArSdcM?t=1s,Hot Brass,2024-05-08,0:43,"Lyle, Tomar",,2cKKPArSdcM,
https://youtu.be/UVH35M517qY?t=1s,Human Fall Flat,2020-04-11,1:07,GameGrumps,,UVH35M517qY,
https://youtu.be/v1qUuLLM5Io?t=1s,Ice Climber,2017-12-23,0:21,"Dingdong, Julian",,v1qUuLLM5Io,
https://youtu.be/MBN3RPHqLBE?t=1s,Illbleed,2016-10-30,1:31,"Dingdong, Julian",,MBN3RPHqLBE,
https://youtu.be/KsmXZrKUkfI?t=1s,Indivisible,2019-11-09,1:53,"Cory, Jeff, Dave",,KsmXZrKUkfI,
https://youtu.be/_wtTaQnyRYw?t=1s,Insaniquarium,2020-05-17,0:15,"Zach, Lyle",,_wtTaQnyRYw,
https://youtu.be/iX45CI97cYU?t=1s,Inside,2018-03-21,1:21,"Lyle, Niall",,iX45CI97cYU,
https://youtu.be/lp0cTsE4Voc?t=1s,Inspector Gadget,2017-01-23,0:13,"Dingdong, Julian, Matt",,lp0cTsE4Voc,
https://youtu.be/2VUsx4zI7Dw?t=1s,It Takes Two,2021-06-15,1:06,"Lyle, Tomar",,2VUsx4zI7Dw,
https://youtu.be/HxLZK68L8KY?t=1s,Itch.io Games - Ep 1,2018-08-31,0:21,"Zach, Lyle",,HxLZK68L8KY,
https://youtu.be/WIaYovIVMAc?t=1s,Itch.io Games - Ep 2,2018-09-04,0:18,"Zach, Lyle",,WIaYovIVMAc,
https://youtu.be/fbIgFtRoC1Y?t=1s,Jak And Daxter,2018-03-31,1:33,"Zach, Lyle",https://youtu.be/fbIgFtRoC1Y,fbIgFtRoC1Y,SwKhvGbSTqY
https://youtu.be/w9Owv8WG9_M?t=1s,Jef,2021-01-08,1:08,"Zach, Lyle, Tomar",,w9Owv8WG9_M,
https://youtu.be/hT1V3Ray6Ms?t=1s,Jet Set Radio Future,2017-02-26,1:20,"Dingdong, Julian",,hT1V3Ray6Ms,
https://youtu.be/xFb5dwVJb4E?t=1s,Juice Galaxy,2021-09-05,1:02,"Lyle, Tomar",,xFb5dwVJb4E,
https://youtu.be/9BnKu5zKz2o?t=1s,Jumping Flash!,2016-11-11,1:00,"Dingdong, Julian, Matt",https://youtu.be/9BnKu5zKz2o,9BnKu5zKz2o,E4vyNb4NxCY
https://youtu.be/Pyd0T81bcXA?t=1s,Jumping Flash! 2 - Ep 1,2016-10-01,0:11,"Dingdong, Julian",,Pyd0T81bcXA,
https://youtu.be/K6qEwtGrhNo?t=1s,Jumping Flash! 2 - Ep 2,2016-10-02,0:18,"Dingdong, Julian",,K6qEwtGrhNo,
https://youtu.be/r64f14KunqQ?t=1s,Just Cause 2,2024-12-22,0:42,"Adam, Lyle",,r64f14KunqQ,
https://youtu.be/gigMO_D4YtQ?t=1s,Katamari Damacy Reroll,2019-07-20,1:38,"Lyle, Tomar",,gigMO_D4YtQ,
https://youtu.be/EJ6dnC7uj3k?t=1s,Kingdom Hearts,2015-09-25,12:32,"Dingdong, Julian",,EJ6dnC7uj3k,
https://youtu.be/wWgZSE2XgcM?t=1s,Kingdom Hearts (2015) - Ep 1,2015-09-25,0:11,"Cory, Niall",,wWgZSE2XgcM,
https://youtu.be/nRSAcs_ApRE?t=1s,Kingdom Hearts (2015) - Ep 2,2015-10-08,0:11,"Cory, Niall",,nRSAcs_ApRE,
https://youtu.be/DY8NhztRFxo?t=1s,Kingdom Hearts (2015) - Ep 3,2015-10-09,0:11,"Cory, Niall",,DY8NhztRFxo,
https://youtu.be/mywZRiaEh24?t=1s,Kingdom Hearts 2 - Part 1,2018-05-18,11:26,"Dingdong, Julian",,mywZRiaEh24,
https://youtu.be/c0T9pKZ58OM?t=1s,Kingdom Hearts 2 - Part 2,2018-05-18,8:37,"Dingdong, Julian",,c0T9pKZ58OM,
https://youtu.be/Nu5OXweJZX8?t=1s,Kirby 64,2022-07-14,0:36,"Zach, Lyle, Tomar",,Nu5OXweJZX8,
https://youtu.be/_duyXc1cycg?t=1s,Kirby And The Forgotten Land Demo,2022-03-14,0:23,"Adam, Lyle",,_duyXc1cycg,
https://youtu.be/0ywk2ubIKmA?t=1s,Kirby Super Star,2022-08-24,0:30,"Zach, Dave",,0ywk2ubIKmA,
https://youtu.be/2uYtdHyeL68?t=1s,Klonoa,2022-09-16,0:53,"Cory, Lyle",,2uYtdHyeL68,
https://youtu.be/i37rfH-v0U8?t=1s,Knightfall,2022-04-11,0:41,"Lyle, Tomar",,i37rfH-v0U8,
https://youtu.be/tZlSmiviY54?t=1s,Last Floor,2021-02-12,0:30,"Lyle, Tomar",,tZlSmiviY54,
https://youtu.be/7h8zmjDpV98?t=1s,Left 4 Dead,2020-06-03,0:33,"Zach, Lyle, Tomar",,7h8zmjDpV98,
https://youtu.be/_5Arbeoh-70?t=1s,Left 4 Dead 2 (2014) - Ep 1,2014-06-22,0:24,"Cory, Zach, Niall",,_5Arbeoh-70,
https://youtu.be/JIZqp2L3xyg?t=1s,Left 4 Dead 2 (2014) - Ep 2,2014-06-25,0:24,"Cory, Zach, Niall",,JIZqp2L3xyg,
https://youtu.be/DvkIMLrxhYc?t=1s,Left 4 Dead 2 (2016) Ep 1,2016-05-02,0:10,"Zach, Cory, Niall",,DvkIMLrxhYc,
https://youtu.be/H9m6YvmtCY4?t=1s,Left 4 Dead 2 (2016) Ep 2,2016-05-03,0:11,"Zach, Cory, Niall",,H9m6YvmtCY4,
https://youtu.be/7gOd7xs6lLk?t=1s,Left 4 Dead 2 (2020),2020-03-27,4:12,"Zach, Lyle, Tomar",,7gOd7xs6lLk,
https://youtu.be/snbruf35H5E?t=1s,Lego City Undercover,2022-03-19,0:44,"Adam, Lyle",,snbruf35H5E,
https://youtu.be/5Mpnckbtka0?t=1s,Lego Star Wars - The Skywalker Galactic Edition,2022-12-20,0:27,"Lyle, Tomar",,5Mpnckbtka0,
https://youtu.be/91Xkm-X8zBI?t=1s,Lego Star Wars - The Skywalker Saga - Ep 1,2022-07-19,0:21,"Zach, Lyle, Tomar",,91Xkm-X8zBI,
https://youtu.be/0uSdRw01MbA?t=1s,Lego Star Wars - The Skywalker Saga - Ep 2,2022-07-22,0:22,"Zach, Lyle, Tomar",,0uSdRw01MbA,
https://youtu.be/yPbI_Wjagcw?t=1s,Lies Of P,2024-11-05,1:07,"Cory, Lyle",,yPbI_Wjagcw,
https://youtu.be/d6PrnJvOtrU?t=1s,Life Is Strange,2024-07-08,3:03,"Niall, Lyle",,d6PrnJvOtrU,
https://youtu.be/5uc-2fCykhA?t=1s,Lion King - Ep 1 - Brown Monkey,2018-11-21,0:10,"Veronica, Tomar",,5uc-2fCykhA,
https://youtu.be/ExbDpZ5oSzU?t=1s,Lion King - Ep 2 - Ritual Of Chaz,2018-11-22,0:14,"Veronica, Tomar",,ExbDpZ5oSzU,
https://youtu.be/tw-dRnztFs8?t=1s,Little Adventure On The Prarie,2018-03-06,0:15,"Zach, Lyle",,tw-dRnztFs8,
https://youtu.be/9ZsxaqnojH0?t=1s,Little Nightmares,2020-10-20,1:47,"Zach, Lyle",,9ZsxaqnojH0,
https://youtu.be/i4rLoDm1vOs?t=1s,Little Nightmares 2,2021-10-23,1:31,"Zach, Lyle",https://youtu.be/i4rLoDm1vOs,i4rLoDm1vOs,unxKJxI265w
https://youtu.be/GWM2E0QCyaQ?t=1s,Locoroco,2018-05-01,1:24,"Dingdong, Julian",,GWM2E0QCyaQ,
https://youtu.be/gxLdOLgBIQ8?t=1s,LOLBeans.io,2024-11-11,0:16,"Adam, Niall, Lyle",,gxLdOLgBIQ8,
https://youtu.be/VNSx6SokckA?t=1s,Lollipop Chainsaw,2018-08-25,3:57,"Dingdong, Amin",,VNSx6SokckA,
https://youtu.be/HBEKDNndVDI?t=1s,Lord Of The Rings DOS Game,2017-07-13,0:23,"Dingdong, Julian",,HBEKDNndVDI,
https://youtu.be/w16BO253qb4?t=1s,Lost Soul Aside,2025-09-23,0:54,"Cory, Dave",,w16BO253qb4,
https://youtu.be/C9zlQ5BEstU?t=1s,Luigi's Mansion,2016-08-04,0:31,"Dingdong, Julian, Matt",https://youtu.be/C9zlQ5BEstU,C9zlQ5BEstU,Aqos3eWjXVw
https://youtu.be/mtNT5tbrokg?t=1s,Luigi's Mansion 3,2020-01-29,3:17,"Zach, Lyle",,mtNT5tbrokg,
https://youtu.be/3ksL97oyrD4?t=1s,Mad Panic Coaster,2017-10-31,0:27,"Dingdong, Julian",,3ksL97oyrD4,
https://youtu.be/ZsjimxNZtpU?t=1s,Mad Rat,2021-06-12,0:47,"Dingdong, Julian",,ZsjimxNZtpU,
https://youtu.be/7sBIrNai6lw?t=1s,"Magic School Bus Explores The Human Body, The",2021-04-10,1:23,"Dingdong, Julian",,7sBIrNai6lw,
https://youtu.be/HFzqMYplg2Y?t=1s,Making Spooky Nextbots,2024-10-22,0:55,"Cory, Dave",,HFzqMYplg2Y,
https://youtu.be/_oleQu1n_Qg?t=1s,Maple Story,2022-06-12,0:40,"Adam, Cory",,_oleQu1n_Qg,
https://youtu.be/oQv_itiGh0c?t=1s,Marble Blast Ultra,2017-08-20,1:03,"Dingdong, Julian",,oQv_itiGh0c,
https://youtu.be/uo94MnYrzPo?t=1s,Marble It Up,2019-02-24,1:22,"Dingdong, Julian",,uo94MnYrzPo,
https://youtu.be/nVtbnGnCQUA?t=1s,Mario Artist - Paint Studio,2017-06-13,0:41,"Dingdong, Julian",,nVtbnGnCQUA,
https://youtu.be/Y-WJonlSHg4?t=1s,Marlow Briggs And The Mask Of Death,2020-08-13,1:36,"Lyle, Tomar",,Y-WJonlSHg4,
https://youtu.be/CrxPpj42KQ0?t=1s,Marvel's Avengers,2020-09-16,3:09,"Zach, Tomar",,CrxPpj42KQ0,
https://youtu.be/omlkv9AmNHk?t=1s,"Matrix Awakens, The",2022-02-07,0:22,"Lyle, Tomar",,omlkv9AmNHk,
https://youtu.be/Cn_MXLSaidk?t=1s,"Matrix, The - Path Of Neo",2021-12-03,1:04,"Lyle, Tomar",,Cn_MXLSaidk,
https://youtu.be/wB4V4hBzZvE?t=1s,Max Payne - Ep 1,2018-04-12,0:12,"Niall, Amin",,wB4V4hBzZvE,
https://youtu.be/IOOyH-5ePic?t=1s,Max Payne - Ep 2,2018-04-27,0:10,"Niall, Amin",,IOOyH-5ePic,
https://youtu.be/FCKq51H04CE?t=1s,Mega Man X,2016-04-09,1:16,"Dingdong, Julian",,FCKq51H04CE,
https://youtu.be/1DhwPQJAFns?t=1s,Megabonk,2025-12-12,1:02,"Niall, Adam, Tomar",,1DhwPQJAFns,
https://youtu.be/kBn1-7ya-wM?t=1s,Metal Gear Rising - Revengeance,2020-05-30,5:18,"Lyle, Tomar",,kBn1-7ya-wM,
https://youtu.be/SAK3JJ76Yrw?t=1s,Metal Gear Solid 3 - Snake Eater,2021-12-04,0:56,"Lyle, Tomar",,SAK3JJ76Yrw,
https://youtu.be/fGrq7Kon7ic?t=1s,Metroid - Zero Mission,2020-12-11,1:17,"Lyle, Tomar",,fGrq7Kon7ic,
https://youtu.be/DsBQAfsQ2L0?t=1s,Microsoft Flight Simulator 2020,2020-09-02,0:21,"Lyle, Tomar",,DsBQAfsQ2L0,
https://youtu.be/8mEU3PJgfFg?t=1s,Minecraft (Playthrough 2019 - 2020),2019-12-20,3:51,"Zach, Tomar",,8mEU3PJgfFg,
https://youtu.be/1tl0Js9cFzk?t=1s,Minority Report,2018-10-10,0:58,"Lami, Jack",https://youtu.be/1tl0Js9cFzk,1tl0Js9cFzk,8DErDKd53Rc
https://youtu.be/6tC6nAZ3Fhc?t=1s,Monster Hunter Rise,2024-06-19,0:42,"Cory, Adam, Dave",,6tC6nAZ3Fhc,
https://youtu.be/q81-9kzS6kM?t=1s,Moons Of Darsalon,2023-05-04,0:32,"Lyle, Tomar",,q81-9kzS6kM,
https://youtu.be/IHdmEhEjJk4?t=1s,Mortal Shell,2020-08-27,0:29,"Lyle, Tomar",,IHdmEhEjJk4,
https://youtu.be/ZlP91lfo8UQ?t=1s,"Mortuary Assistant, The",2023-10-19,1:09,"Lyle, Tomar",,ZlP91lfo8UQ,
https://youtu.be/6HyElESP8bg?t=1s,Mr. Bones,2017-10-21,0:47,"Dingdong, Julian, Amin",,6HyElESP8bg,
https://youtu.be/KKI6e5ouY68?t=1s,Mr. Maze,2020-11-03,1:06,"Dingdong, Sonny",,KKI6e5ouY68,
https://youtu.be/ON9Tq0XLBZY?t=1s,My Friend Pedro,2019-06-26,1:25,"Lyle, Tomar",,ON9Tq0XLBZY,
https://youtu.be/hQLejKgZMnM?t=1s,My Summer Car,2024-05-05,0:23,"Lyle, Tomar",,hQLejKgZMnM,
https://youtu.be/bkXsg1anHkY?t=1s,Mystical Ninja,2016-09-14,1:52,"Dingdong, Julian",,bkXsg1anHkY,
https://youtu.be/DPxFWsiTECQ?t=1s,Nagano Winter Olympics '98,2017-12-25,0:23,"Dingdong, Julian",,DPxFWsiTECQ,
https://youtu.be/VYfeCVy023A?t=1s,Never Again,2019-06-07,1:00,"Mick, Tomar",,VYfeCVy023A,
https://youtu.be/uA4KDhzAw_U?t=1s,Newgrounds Christmas Special,2020-12-25,0:53,"Zach, Lyle, Tomar",,uA4KDhzAw_U,
https://youtu.be/i6hYHuzhjoo?t=1s,Newgrounds Games,2017-09-04,3:39,"Dingdong, Julian",,i6hYHuzhjoo,
https://youtu.be/pk8j85jMzGs?t=1s,Night At The Gates Of Hell,2022-10-27,0:48,"Cory, Lyle, Tomar",,pk8j85jMzGs,
https://youtu.be/H4HlPPnVL0s?t=1s,Night Security,2025-10-31,0:53,"Tomar, Niall",,H4HlPPnVL0s,
https://youtu.be/2wtl_q7JzUQ?t=1s,Nightmare Before Christmas - Oogie's Revenge,2016-10-25,0:44,"Dingdong, Julian",,2wtl_q7JzUQ,
https://youtu.be/D2JDpHr_EcI?t=1s,Nightmare Before Christmas GBA - Ep 1,2017-10-23,0:20,"Dingdong, Julian, Amin",,D2JDpHr_EcI,
https://youtu.be/ZJ8FMYGFrPE?t=1s,Nightmare Before Christmas GBA - Ep 2,2017-10-24,0:19,"Dingdong, Julian, Amin",,ZJ8FMYGFrPE,
https://youtu.be/vG-7H1P_8B4?t=1s,No Cure,2020-10-28,0:46,"Zach, Lyle",,vG-7H1P_8B4,
https://youtu.be/c7vy-GZhQKo?t=1s,No Man's Sky,2016-08-10,0:51,"Dingdong, Julian",,c7vy-GZhQKo,
https://youtu.be/2ezNhEZyr9A?t=1s,No More Heroes,2022-08-31,1:56,"Lyle, Dave",,2ezNhEZyr9A,
https://youtu.be/60zyAYqtXjQ?t=1s,No One Lives Under The Lighthouse,2020-07-31,1:09,"Lyle, Tomar",,60zyAYqtXjQ,
https://youtu.be/VjOc85meYkg?t=1s,Noita,2020-07-22,6:49,"Zach, Tomar",,VjOc85meYkg,
https://youtu.be/LqbPmzR6zEw?t=1s,Noita (Stream) 1,2021-05-16,1:19,"Veronica, Sonny",,LqbPmzR6zEw,
https://youtu.be/GhTVeyZgy-o?t=1s,Noita (Stream) 2,2021-09-07,1:35,Adam,,GhTVeyZgy-o,
https://youtu.be/9DdkDRAyAvk?t=1s,Not Digimon World 1  -,2016-10-03,0:15,"Dingdong, Julian",,9DdkDRAyAvk,
https://youtu.be/5dTUPGyLUU8?t=1s,Oblivion (2018) - Ep1,2018-06-23,0:10,Solo,,5dTUPGyLUU8,
https://youtu.be/s-xPgrp_XjQ?t=1s,Oblivion (2018) - Ep2,2018-06-27,0:11,Solo,,s-xPgrp_XjQ,
https://youtu.be/SISvfx375Ew?t=1s,Oblivion (Stream) - Ep 1,2023-05-22,1:44,Adam,,SISvfx375Ew,
https://youtu.be/Lhg0x5-0XjE?t=1s,Oblivion (Stream) - Ep 2,2024-05-06,2:01,"Adam, Niall, Tomar",,Lhg0x5-0XjE,
https://youtu.be/GTSnv-vnNkY?t=1s,Oblivion (Stream) - Ep 3,2024-05-18,2:10,"Adam, Niall, Tomar",,GTSnv-vnNkY,
https://youtu.be/N3W1g_FL3AE?t=1s,Oblivion Remastered,2025-04-24,4:18,"Lyle, Niall",,N3W1g_FL3AE,
https://youtu.be/kE3ofuCYcTw?t=1s,Oney Doesn't Play...,2021-11-08,0:12,"Adam, Zach, Lyle",,kE3ofuCYcTw,
https://youtu.be/maNN15qmFYU?t=1s,Ori And The Will Of The Wisps,2020-03-22,1:03,"Lyle, Tomar",,maNN15qmFYU,
https://youtu.be/Nhd6mNq8JQg?t=1s,Outlast,2021-10-19,0:43,"Zach, Lyle",,Nhd6mNq8JQg,
https://youtu.be/t-6IPlps5TY?t=1s,Ouya,2017-04-01,1:10,"Dingdong, Julian",,t-6IPlps5TY,
https://youtu.be/521-Y4RlTYc?t=1s,Overgrowth,2019-03-13,1:12,"Dingdong, Julian",,521-Y4RlTYc,
https://youtu.be/0__My--4sqo?t=1s,Owlboy,2016-11-06,0:30,"Dingdong, Julian",https://youtu.be/0__My--4sqo,0__My--4sqo,3Q8gwAQ0DvM
https://youtu.be/lqaSJAzV5VA?t=1s,Pac Man 2,2021-09-20,0:47,"Adam, Tomar",,lqaSJAzV5VA,
https://youtu.be/vladAGEeV70?t=1s,Paddy Wants To Fish - Ep 1,2024-04-03,0:27,"Paddy, Cory, Lyle",,vladAGEeV70,
https://youtu.be/I-Y7rpmnjLA?t=1s,Paddy Wants To Fish - Ep 2,2024-04-05,0:31,"Paddy, Cory, Lyle",,I-Y7rpmnjLA,
https://youtu.be/-bojBnuhXIM?t=1s,Paddy Wants To Fly,2024-04-17,0:32,"Paddy, Cory, Tomar",,-bojBnuhXIM,
https://youtu.be/sUBczBZQvzU?t=1s,Palworld,2024-02-13,1:28,"Zach, Lyle, Tomar",,sUBczBZQvzU,
https://youtu.be/OT_aVNqkgeY?t=1s,Panic,2021-04-27,0:18,"Dingdong, Julian",,OT_aVNqkgeY,
https://youtu.be/mTyKBlJFZ3s?t=1s,Paper Mario World Gold,2016-11-10,0:20,"Dingdong, Julian",,mTyKBlJFZ3s,
https://youtu.be/yWRhLQnqm38?t=1s,Parasocial - Ep 1,2025-10-28,0:43,"Lyle, Tomar",,yWRhLQnqm38,
https://youtu.be/FTPK3bT1GCI?t=1s,Parasocial - Ep 2,2025-10-29,0:26,"Lyle, Tomar",,FTPK3bT1GCI,
https://youtu.be/bkBhr7_vbqo?t=1s,Penguins Arena,2016-09-13,0:12,"Dingdong, Cory",,bkBhr7_vbqo,
https://youtu.be/_NOm2bRFJtM?t=1s,Penpen Triicelon,2016-12-19,0:20,"Dingdong, Julian",,_NOm2bRFJtM,
https://youtu.be/jrF6oun4vl4?t=1s,People Playground,2021-03-28,0:27,"Zach, Tomar",,jrF6oun4vl4,
https://youtu.be/BY4adFd5mfY?t=1s,Peter Griffin Is A Real Human,2021-12-23,0:12,"Zach, Lyle",,BY4adFd5mfY,
https://youtu.be/IRhJslOJACw?t=1s,Phucker In The Ashes,2024-07-11,1:05,"Cory, Lyle, Tomar",,IRhJslOJACw,
https://youtu.be/UUsNQvSyV4Y?t=1s,Phucker In The Gulag,2024-11-22,1:53,"Cory, Lyle, Tomar",,UUsNQvSyV4Y,
https://youtu.be/vi1eNrz6agg?t=1s,Pikachu's Quest,2021-08-25,0:30,"Dingdong, Julian",,vi1eNrz6agg,
https://youtu.be/5qtL6fDJhg8?t=1s,Pikmin,2017-07-12,2:36,"Dingdong, Julian",,5qtL6fDJhg8,
https://youtu.be/zPxIVCJTrMo?t=1s,Pilotwings,2018-11-11,0:15,"Zach, Tomar",,zPxIVCJTrMo,
https://youtu.be/S4k9RJ1A9uM?t=1s,Pilotwings 64,2017-09-30,0:12,"Dingdong, Julian",,S4k9RJ1A9uM,
https://youtu.be/ezFnquuwZok?t=1s,Pinocchio,2022-11-02,0:43,"Cory, Tomar",,ezFnquuwZok,
https://youtu.be/sIoxOKmanHI?t=1s,Pipe Dream,2022-03-01,0:26,"Adam, Tomar",,sIoxOKmanHI,
https://youtu.be/93FgWZOftfQ?t=1s,Pizza Tower,2023-04-24,1:40,"Adam, Lyle",,93FgWZOftfQ,
https://youtu.be/91HefkcCHWU?t=1s,Playstation All-Stars Battle Royale,2018-01-25,0:18,"Dingdong, Julian, Lyle",,91HefkcCHWU,
https://youtu.be/LCr-X2LimO0?t=1s,Plumbers Don't Wear Ties,2017-12-31,0:43,"Dingdong, Julian",,LCr-X2LimO0,
https://youtu.be/heeDcCxUgMU?t=1s,Pocahontas,2017-01-22,0:13,"Dingdong, Julian",,heeDcCxUgMU,
https://youtu.be/Ny77R96PLH8?t=1s,Pokemon Arceus,2022-03-11,1:09,"Adam, Tomar",,Ny77R96PLH8,
https://youtu.be/9Rnw7INyFHs?t=1s,Pokemon Red Version - Part 1,2016-11-16,7:29,"Dingdong, Julian",,9Rnw7INyFHs,
https://youtu.be/edj4tuH9Tg8?t=1s,Pokemon Red Version - Part 2,2016-11-16,6:27,"Dingdong, Julian",,edj4tuH9Tg8,
https://youtu.be/6lLqmz97M9c?t=1s,Pokemon Silver,2022-10-15,2:31,"Zach, Cory, Tomar",,6lLqmz97M9c,
https://youtu.be/VGplaG4igT0?t=1s,Polar Express,2016-12-22,1:05,"Dingdong, Julian",,VGplaG4igT0,
https://youtu.be/J91ootV_A_k?t=1s,Pools,2024-10-23,1:21,"Zach, Tomar",,J91ootV_A_k,
https://youtu.be/EkuWwIB1meU?t=1s,Poppy Playtime,2022-10-19,1:50,"Cory, Lyle",,EkuWwIB1meU,
https://youtu.be/xonfSItnEo0?t=1s,Portaboy+,2023-10-19,0:20,"Zach, Tomar",,xonfSItnEo0,
https://youtu.be/k5fnNnERTX0?t=1s,Postal 2 - Ep 1,2022-06-17,0:18,"Cory, Adam, Lyle",,k5fnNnERTX0,
https://youtu.be/egYFv7Il0kE?t=1s,Postal 2 - Ep 2,2022-06-22,0:21,"Cory, Adam, Lyle",,egYFv7Il0kE,
https://youtu.be/WekAfSootgI?t=1s,Poy Poy Boy,2017-12-10,0:22,"Dingdong, Julian",,WekAfSootgI,
https://youtu.be/B_wAgU3_Q4Q?t=1s,Priest Simulator,2021-11-07,0:39,"Zach, Adam, Lyle",,B_wAgU3_Q4Q,
https://youtu.be/ZXIIaUu5YE0?t=1s,Prince Of Persia,2020-02-21,0:40,"Cory, Lyle",,ZXIIaUu5YE0,
https://youtu.be/DmikHdKLmlo?t=1s,Prison Simulator,2021-11-27,0:44,"Lyle, Tomar",,DmikHdKLmlo,
https://youtu.be/0WfGBEEDFWQ?t=1s,Pseudoregalia,2024-06-04,2:44,"Cory, Dave",,0WfGBEEDFWQ,
https://youtu.be/CPOWBoYA-HE?t=1s,Pubg (Playerunknown's Battlegrounds),2017-09-11,1:32,"Dingdong, Julian",,CPOWBoYA-HE,
https://youtu.be/Uf9AwcrmyGs?t=1s,Ragdoll Masters,2014-07-18,0:28,Egoraptor,,Uf9AwcrmyGs,
https://youtu.be/vpaI6svpPJ0?t=1s,Rain World,2019-07-30,0:23,"Lyle, Tomar",,vpaI6svpPJ0,
https://youtu.be/vmwSe41GgY0?t=1s,Random .Io Games,2024-11-29,0:34,"Adam, Niall, Lyle",,vmwSe41GgY0,
https://youtu.be/wLlK1TgVYIk?t=1s,Rat Simulator Game,2019-10-31,0:30,"Zach, Tomar",,wLlK1TgVYIk,
https://youtu.be/iIk-RJD3RzE?t=1s,Ratchet And Clank - Rift Apart,2021-06-22,1:48,"Lyle, Tomar",,iIk-RJD3RzE,
https://youtu.be/DPNz6C7EN6U?t=1s,Rayman Origins,2017-08-10,1:03,"Dingdong, Julian",,DPNz6C7EN6U,
https://youtu.be/rGRPI8vEr70?t=1s,Remothered,2021-10-25,0:17,"Lyle, Tomar",,rGRPI8vEr70,
https://youtu.be/RpqbL7unCCE?t=1s,Resident Evil - Gaiden (Game Boy Color),2021-10-26,1:02,"Lyle, Tomar",,RpqbL7unCCE,
https://youtu.be/Tb78TNSu3Xk?t=1s,Resident Evil (2017),2017-12-04,0:55,"Dingdong, Julian",,Tb78TNSu3Xk,
https://youtu.be/fu3pumUTZJM?t=1s,Resident Evil (2023),2023-10-21,8:39,"Cory, Dave",,fu3pumUTZJM,
https://youtu.be/vgHj89VtC-Y?t=1s,Resident Evil 2 (2014),2014-09-30,1:20,"Cory, Zach, Niall",,vgHj89VtC-Y,
https://youtu.be/xCg-lwttWW8?t=1s,Resident Evil 2 (2018 Run),2018-03-10,0:32,"Zach, Lyle",,xCg-lwttWW8,
https://youtu.be/o0OUWNWezwY?t=1s,Resident Evil 2 (2024),2024-10-20,4:01,"Cory, Dave",,o0OUWNWezwY,
https://youtu.be/tpA58Q6zhl4?t=1s,Resident Evil 2 Remake,2019-08-28,1:32,"Cory, Jeff, Dave",,tpA58Q6zhl4,
https://youtu.be/2DW2sExl3yQ?t=1s,Resident Evil 3 - Nemesis,2019-10-21,5:08,"Cory, Dave",,2DW2sExl3yQ,
https://youtu.be/WJHh-NY33_M?t=1s,Resident Evil 3 Remake,2020-04-09,1:15,"Zach, Lyle, Tomar",,WJHh-NY33_M,
https://youtu.be/C89z4tfG3cc?t=1s,Resident Evil 4,2017-03-23,8:58,"Dingdong, Julian",,C89z4tfG3cc,
https://youtu.be/1xXVLKI_btU?t=1s,Resident Evil 4 (Stream),2018-11-05,1:49,"Dingdong, Waffle",,1xXVLKI_btU,
https://youtu.be/a0xQYzbHjcM?t=1s,Resident Evil 4 Remake,2023-03-26,1:45,"Adam, Lyle",,a0xQYzbHjcM,
https://youtu.be/uDCj4GTQ_UA?t=1s,Resident Evil 5,2017-10-27,0:43,Lyle,,uDCj4GTQ_UA,
https://youtu.be/oDPl1c8GGBs?t=1s,Resident Evil 6,2023-05-14,1:02,"Lyle, Tomar",,oDPl1c8GGBs,
https://youtu.be/WjPYuipVe7Y?t=1s,Resident Evil 7 VR,2017-01-30,1:56,"Dingdong, Julian",,WjPYuipVe7Y,
https://youtu.be/fU4ssszN-SQ?t=1s,Resident Evil 8 Village,2021-06-14,7:39,"Lyle, Tomar",,fU4ssszN-SQ,
https://youtu.be/9YXbwEvS4oc?t=1s,Resident Evil Revelations,2022-08-22,3:35,"Dave, Lyle",,9YXbwEvS4oc,
https://youtu.be/R_A_PDWp6Fs?t=1s,Revenge Of Shinobi,2019-11-19,0:36,"Cory, Dave",,R_A_PDWp6Fs,
https://youtu.be/wX4kxGdwmdM?t=1s,Revolution 60,2016-09-19,1:09,"Dingdong, Cory",,wX4kxGdwmdM,
https://youtu.be/5DtYnWv5BNk?t=1s,Risk Of Rain 2,2021-01-14,0:44,"Lyle, Tomar, Sonny",,5DtYnWv5BNk,
https://youtu.be/KnbWRMnEI-Y?t=1s,Roblox Games,2023-11-15,1:43,"Dave, Cory",,KnbWRMnEI-Y,
https://youtu.be/4uWBt9bCmPA?t=1s,Roblox Halloween,2024-10-31,0:37,"Cory, Dave",,4uWBt9bCmPA,
https://youtu.be/wjVTYhPpi1s?t=1s,Robocop - Rogue City,2023-12-09,1:08,"Zach, Lyle, Tomar",,wjVTYhPpi1s,
https://youtu.be/pZhf6d6MY00?t=1s,Rocket Power,2017-07-12,0:10,"Dingdong, Julian",,pZhf6d6MY00,
https://youtu.be/7BiA6m3u4TY?t=1s,Rodent's Revenge,2021-11-14,0:14,"Adam, Tomar",,7BiA6m3u4TY,
https://youtu.be/NhPAi8k6lug?t=1s,Rogue Legacy,2024-08-05,1:39,"Cory, Tomar",,NhPAi8k6lug,
https://youtu.be/v1QyrOeACf0?t=1s,Rugrats - Adventures In Gameland,2024-12-13,0:37,"Cory, Lyle",,v1QyrOeACf0,
https://youtu.be/3uowfnbQndM?t=1s,Rugrats - Search For Reptar (2014),2014-09-22,1:52,"Cory, Niall",,3uowfnbQndM,
https://youtu.be/He_W8Xjztoc?t=1s,Rugrats Search For Reptar (2017),2017-09-16,1:47,"Dingdong, Julian",,He_W8Xjztoc,
https://youtu.be/dXXfKWrvud8?t=1s,Rugrats Studio Tour,2017-02-21,0:57,"Dingdong, Julian",,dXXfKWrvud8,
https://youtu.be/RimrTSVdvac?t=1s,Runescape,2021-09-19,1:01,Adam,,RimrTSVdvac,
https://youtu.be/dd9wyGDiYc0?t=1s,Sackboy - A Big Adventure,2020-12-02,0:42,"Lyle, Tomar",,dd9wyGDiYc0,
https://youtu.be/P8rbmiywvxE?t=1s,Samurai Jack - Battle Through Time,2020-08-25,1:50,"Zach, Lyle",,P8rbmiywvxE,
https://youtu.be/U6yBlZ0mbm0?t=1s,Santa's Vacation,2018-12-24,0:11,"Dingdong, Julian",,U6yBlZ0mbm0,
https://youtu.be/Lny5xDa7D4I?t=1s,Scary + Weird Itch.Io + Gamejolt Games,2019-05-23,2:34,"Zach, Lyle, Tomar",,Lny5xDa7D4I,
https://youtu.be/z4LNDK718l0?t=1s,Scary Tales,2022-10-21,1:16,"Cory, Tomar",,z4LNDK718l0,
https://youtu.be/YrgEaFyQh2s?t=1s,Scary Werewolves,2021-02-15,0:38,"Lyle, Tomar",,YrgEaFyQh2s,
https://youtu.be/WtRCkHFNPS0?t=1s,Schedule I,2025-04-11,2:34,"Lyle, Niall",,WtRCkHFNPS0,
https://youtu.be/z5ATOwvxVMo?t=1s,Scooby-Doo For Ps2,2024-10-19,0:45,"Zach, Adam, Niall",,z5ATOwvxVMo,
https://youtu.be/nF6Wcojj494?t=1s,"Search For The Chupacabra, The",2019-06-11,0:17,"Lyle, Tomar",,nF6Wcojj494,
https://youtu.be/lPoUyPUTxmU?t=1s,Sekiro - Shadows Die Twice,2019-03-25,1:31,"Mick, Tomar",,lPoUyPUTxmU,
https://youtu.be/lmUY2RTR3aI?t=1s,Shadow The Hedgehog,2022-09-27,1:18,"Cory, Zach, Lyle",,lmUY2RTR3aI,
https://youtu.be/FuD8BMrVEO0?t=1s,Shantae and the Pirate's Curse,2016-09-27,0:46,Cory,,FuD8BMrVEO0,
https://youtu.be/5nW32uohtww?t=1s,Shenmue,2017-01-03,2:14,"Dingdong, Julian",https://youtu.be/5nW32uohtww,5nW32uohtww,ojnTR0kx-N0
https://youtu.be/2H5N1zuIVxg?t=1s,Shinkansen 0,2025-11-03,1:03,"Zach, Tomar",,2H5N1zuIVxg,
https://youtu.be/rWr2hvKmtnM?t=1s,Shovel Knight,2020-06-21,0:51,"Lyle, Tomar",,rWr2hvKmtnM,
https://youtu.be/mzFDI1WFhwU?t=1s,Shrek 2,2020-02-06,0:23,"Zach, Lyle",,mzFDI1WFhwU,
https://youtu.be/rsPjvVAFMDY?t=1s,Sifu,2022-02-27,0:52,"Lyle, Tomar",,rsPjvVAFMDY,
https://youtu.be/n_OGBnnfq00?t=1s,Signalis,2024-03-06,1:39,"Lyle, Tomar",,n_OGBnnfq00,
https://youtu.be/XG-5spHAdzw?t=1s,Silent Hill 2 - Ep 1,2018-10-25,0:21,"Niall, Amin",,XG-5spHAdzw,
https://youtu.be/7SaBrOMlgXw?t=1s,Silent Hill 2 - Ep 2,2018-11-01,0:20,"Niall, Amin",,7SaBrOMlgXw,
https://youtu.be/ZvIZvKgnRIA?t=1s,Silent Hill 4,2017-10-19,1:26,"Dingdong, Julian, Amin",,ZvIZvKgnRIA,
https://youtu.be/i71K4xYNDkw?t=1s,"Simpsons Arcade Game, The",2020-12-27,0:39,"Lyle, Tomar",,i71K4xYNDkw,
https://youtu.be/KdZWDvG9aoM?t=1s,Simpsons Fortnite,2025-12-29,0:44,"Fakanza, Tomar, Zach",,KdZWDvG9aoM,
https://youtu.be/ACEmSDRrng4?t=1s,Simpsons Hit and Run,2017-03-19,0:36,"GameGrumps Aaron, Dingdong, Julian",,ACEmSDRrng4,
https://youtu.be/c1KWEzO2Boo?t=1s,"Simpsons, The - Bart's Nightmare",2021-03-30,1:00,"Dingdong, Julian",,c1KWEzO2Boo,
https://youtu.be/hWMKinHNZBs?t=1s,"Simpsons, The - Virtual Springfield",2017-08-09,0:17,"Dingdong, Julian",,hWMKinHNZBs,
https://youtu.be/XVBn8X8zrTw?t=1s,"Sims 3, The",2022-11-12,1:00,"Zach, Cory, Tomar",,XVBn8X8zrTw,
https://youtu.be/zvYSc1uvlng?t=1s,"Sims, The",2020-04-15,1:18,"Lyle, Tomar",,zvYSc1uvlng,
https://youtu.be/z1KaCerCqlw?t=1s,Siren Head Resurrection,2024-10-21,1:15,"Cory, Adam, Niall",,z1KaCerCqlw,
https://youtu.be/HbYy_3c60xs?t=1s,Skinwalker Hunt,2022-10-20,2:23,"Zach, Cory, Tomar",,HbYy_3c60xs,
https://youtu.be/b9h6Sm5_Djg?t=1s,Slam City,2018-12-27,0:22,"Dingdong, Julian",,b9h6Sm5_Djg,
https://youtu.be/-s1h1X7oOIM?t=1s,Slender The Arrival,2018-10-20,1:33,"Zach, Tomar",,-s1h1X7oOIM,
https://youtu.be/2-IzkJQtlkU?t=1s,Slightly Artistic - Volume 1 (Episodes 1 - 6),2018-06-16,3:18,"Cory, Dave, Jeff",,2-IzkJQtlkU,
https://youtu.be/xJL7acR9yTE?t=1s,Sly Cooper And The Thievius Raccoonus,2023-03-10,0:54,"Adam, Lyle",,xJL7acR9yTE,
https://youtu.be/l5npn-zKMpM?t=1s,Snowboard Kids 2,2017-12-22,0:22,"Dingdong, Julian",,l5npn-zKMpM,
https://youtu.be/JxvALY74Sro?t=1s,Sonic 3D Blast,2024-12-24,0:56,"Lyle, Cory",,JxvALY74Sro,
https://youtu.be/lcceY-QRuCU?t=1s,Sonic Advance,2022-06-26,0:59,"Lyle, Cory",,lcceY-QRuCU,
https://youtu.be/bzsQfmcLtms?t=1s,Sonic Advance 2,2022-11-30,1:27,"Lyle, Cory",,bzsQfmcLtms,
https://youtu.be/R9qdZNZPbXY?t=1s,Sonic Adventure,2017-05-23,2:10,"Dingdong, Julian",,R9qdZNZPbXY,
https://youtu.be/BqJloslWuFk?t=1s,Sonic Adventure 2 (2019) - Ep 1,2019-05-02,0:19,"Jeff, Cory",,BqJloslWuFk,
https://youtu.be/gFlfTWUQKkM?t=1s,Sonic Adventure 2 (2019) - Ep 2,2019-05-03,0:32,"Jeff, Cory",,gFlfTWUQKkM,
https://youtu.be/smNWhTWgKho?t=1s,Sonic Adventure 2 Battle,2016-08-25,1:07,"Dingdong, Julian, Matt",,smNWhTWgKho,
https://youtu.be/sAnSxjaPj0o?t=1s,Sonic Adventure 2 Randomizer (With Mods!),2024-12-10,0:53,"Cory, Lyle",,sAnSxjaPj0o,
https://youtu.be/FvhJmHvnP7c?t=1s,Sonic CD,2024-12-17,0:52,"Cory, Lyle",,FvhJmHvnP7c,
https://youtu.be/WJ7oWiPEphA?t=1s,Sonic Forces,2024-02-16,2:39,"Cory, Adam",,WJ7oWiPEphA,
https://youtu.be/No_o8J8IjWw?t=1s,Sonic Frontiers,2023-07-12,9:30,"Cory, Lyle",,No_o8J8IjWw,
https://youtu.be/ihw5rZ-7HcA?t=1s,Sonic Generations,2022-10-01,2:38,"Cory, Zach, Lyle",,ihw5rZ-7HcA,
https://youtu.be/bOlO9nT0Zbk?t=1s,Sonic Heroes,2022-04-19,9:26,"Cory, Zach",,bOlO9nT0Zbk,
https://youtu.be/T9lKLVEgjg0?t=1s,Sonic Robo Blast 2,2021-07-23,1:03,"Dingdong, Julian",,T9lKLVEgjg0,
https://youtu.be/tQ3JhtJsgkM?t=1s,Sonic Shuffle,2017-03-21,0:58,"GameGrumps Aaron, Dingdong, Julian",,tQ3JhtJsgkM,
https://youtu.be/EA5_OypM1YA?t=1s,Sonic Superstars,2024-05-28,0:50,"Cory, Lyle, Tomar",,EA5_OypM1YA,
https://youtu.be/si-mdZTQBAg?t=1s,Sonic The Hedgehog,2018-11-08,0:43,"Zach, Tomar",,si-mdZTQBAg,
https://youtu.be/l0_gNptNHOI?t=1s,Sonic The Hedgehog 2,2020-02-23,0:58,"Cory, Lyle",,l0_gNptNHOI,
https://youtu.be/4mx5CC3MjX0?t=1s,Sonic The Hedgehog 3 And Knuckles,2020-03-18,2:06,"Cory, Tomar",,4mx5CC3MjX0,
https://youtu.be/JOwKSGixEic?t=1s,Sonic Unleashed,2025-03-10,5:55,"Cory, Dave",,JOwKSGixEic,
https://youtu.be/6aKXHyFTs4Y?t=1s,Sonic X Shadow Generations,2025-06-17,2:55,"Cory, Dave",,6aKXHyFTs4Y,
https://youtu.be/PNUT4SqbHdc?t=1s,Space Station 13 (2016),2016-12-01,0:08,Solo,,PNUT4SqbHdc,
https://youtu.be/haZ6mWxjlZo?t=1s,Space Station 13 (2019),2019-04-29,0:24,"Mick, Tomar",,haZ6mWxjlZo,
https://youtu.be/xWGuwNKJcq4?t=1s,Spark The Electric Jester 2,2019-08-01,0:19,"Lyle, Tomar",,xWGuwNKJcq4,
https://youtu.be/tMk17IgZiS4?t=1s,Sparkster,2018-08-23,0:15,"Zach, Lyle",,tMk17IgZiS4,
https://youtu.be/qva4OFxa-mE?t=1s,Speed Racer - Ep 1,2017-07-26,0:10,"Dingdong, Julian",,qva4OFxa-mE,
https://youtu.be/t4MJ2Xug1Qo?t=1s,Speed Racer - Ep 2,2017-07-27,0:10,"Dingdong, Julian",,t4MJ2Xug1Qo,
https://youtu.be/DqAam41Qau0?t=1s,Spider-Man 2 (2014),2014-11-08,0:46,"Zach, Cory",,DqAam41Qau0,
https://youtu.be/LI9iladWxjw?t=1s,Spider-Man 2 (2018),2018-07-22,3:41,"Zach, Lyle",,LI9iladWxjw,
https://youtu.be/9X5kQub0_A8?t=1s,Spongebob Squarepants - Battle For Bikini Bottom - Rehydrated,2020-08-31,0:31,"Zach, Lyle",,9X5kQub0_A8,
https://youtu.be/qwYwpmiukls?t=1s,Spooky MS-DOS Games,2023-10-29,0:36,"Cory, Tomar",,qwYwpmiukls,
https://youtu.be/sbwI9Vq_bNE?t=1s,Spooky's Jump Scare Mansion,2019-11-11,1:45,"Cory, Dave",,sbwI9Vq_bNE,
https://youtu.be/I-i7jKXf86I?t=1s,Spooky's Jump Scare Mansion - HD Renovation,2020-10-21,2:39,"Zach, Tomar",,I-i7jKXf86I,
https://youtu.be/6yLb_yx_Tpc?t=1s,Spyro The Dragon Games,2017-05-20,1:07,"Dingdong, Julian",,6yLb_yx_Tpc,
https://youtu.be/lYTv4zlFHDE?t=1s,Star Trek - Bridge Crew,2017-06-05,0:14,Solo,,lYTv4zlFHDE,
https://youtu.be/PvryRCf0-eE?t=1s,Star Wars - Obi-Wan,2017-12-04,0:34,"Dingdong, Julian",,PvryRCf0-eE,
https://youtu.be/G6HkQ_ufIDY?t=1s,Starfield,2023-12-14,0:59,"Cory, Dave",,G6HkQ_ufIDY,
https://youtu.be/vhezTd99Ftg?t=1s,Starship Troopers,2023-07-06,0:19,"Lyle, Tomar",,vhezTd99Ftg,
https://youtu.be/BqHFZKL2BRA?t=1s,State of Decay 2,2025-10-20,0:34,"Zach, Tomar, Adam",,BqHFZKL2BRA,
https://youtu.be/Fwo4lwqfZw4?t=1s,Strange Itch.io Platforming Games,2021-06-24,0:22,"Zach, Tomar",,Fwo4lwqfZw4,
https://youtu.be/uiN3ObCmfuk?t=1s,Street Fighter 3rd Strike,2025-09-05,1:30,Dave,,uiN3ObCmfuk,
https://youtu.be/u-ZCNPFOLn8?t=1s,Street Fighter 6,2023-06-21,1:00,"Cory, Tomar",,u-ZCNPFOLn8,
https://youtu.be/Kd2_zkUGtCY?t=1s,Streets Of Fury,2018-01-29,0:15,"Dingdong, Julian",,Kd2_zkUGtCY,
https://youtu.be/XU2hbYlnaGs?t=1s,Stuart Little,2020-11-02,0:36,"Dingdong, Sonny",,XU2hbYlnaGs,
https://youtu.be/upTRvTVl6-M?t=1s,Super Magnetic Neo,2017-08-26,0:41,"Dingdong, Julian",,upTRvTVl6-M,
https://youtu.be/MM2tYtfTrGU?t=1s,Super Mario 3D Land,2024-11-24,2:06,"Cory, Dave",,MM2tYtfTrGU,
https://youtu.be/FrmkWoAby-M?t=1s,Super Mario 3D World,2021-02-24,1:27,"Lyle, Tomar",,FrmkWoAby-M,
https://youtu.be/AWXBmzLHLug?t=1s,Super Mario 63 (Newgrounds Flash Game),2024-12-15,0:42,"Cory, Dave",,AWXBmzLHLug,
https://youtu.be/B40JPf2Ck8E?t=1s,Super Mario 64,2017-06-09,1:59,"Dingdong, Julian",,B40JPf2Ck8E,
https://youtu.be/R_gdKYKkQ3Q?t=1s,Super Mario 64 Multiplayer,2016-04-17,1:11,Dingdong,,R_gdKYKkQ3Q,
https://youtu.be/V-R-o8xo1MY?t=1s,Super Mario Bros - The Lost Levels,2025-06-05,2:05,"Cory, Dave",,V-R-o8xo1MY,
https://youtu.be/nSxitW4f2no?t=1s,Super Mario Bros (2018),2018-06-12,0:25,"Zach, Lyle",,nSxitW4f2no,
https://youtu.be/YmPsC6Ckuvs?t=1s,Super Mario Bros (2025),2025-05-30,0:49,"Cory, Dave",,YmPsC6Ckuvs,
https://youtu.be/2xRatyi6bu4?t=1s,Super Mario Bros 2,2022-12-21,0:28,"Zach, Tomar, Adam P",,2xRatyi6bu4,
https://youtu.be/b-3x_Sxchw0?t=1s,Super Mario Bros 3,2018-08-19,1:52,"Zach, Lyle",,b-3x_Sxchw0,
https://youtu.be/h4a2Ko5dpYQ?t=1s,Super Mario Galaxy,2020-09-26,2:05,"Lyle, Tomar",,h4a2Ko5dpYQ,
https://youtu.be/wdtKAXj4Vrk?t=1s,Super Mario Land 2,2022-11-28,1:30,"Zach, Cory, Adam P",,wdtKAXj4Vrk,
https://youtu.be/dMlyw1SCHhs?t=1s,Super Mario Maker 2,2019-06-28,1:24,"Lyle, Tomar",,dMlyw1SCHhs,
https://youtu.be/T95Wv8IE4Dk?t=1s,Super Mario Odyssey,2017-11-04,3:53,"Dingdong, Julian",,T95Wv8IE4Dk,
https://youtu.be/XFnhlstlqbs?t=1s,Super Mario Sunshine,2017-09-07,2:20,"Dingdong, Julian, Amin",,XFnhlstlqbs,
https://youtu.be/QAExj5xwwYQ?t=1s,Super Mario World,2022-05-12,2:37,"Cory, Tomar, Zach",,QAExj5xwwYQ,
https://youtu.be/cX5g2-6Jgaw?t=1s,Super Mario World (2017) - Ep 1,2017-10-01,0:19,"Dingdong, Julian, Lyle",,cX5g2-6Jgaw,
https://youtu.be/U6pHyKlTtTY?t=1s,Super Mario World 2 - Yoshi's Island,2022-12-23,1:29,"Zach, Lyle, Tomar",,U6pHyKlTtTY,
https://youtu.be/JBdHqDywOKo?t=1s,Super Monkey Ball,2017-03-31,0:43,"Dingdong, Julian",,JBdHqDywOKo,
https://youtu.be/k9d6oM-gHFs?t=1s,Super Punch-Out!!,2019-02-09,0:29,"Mick, Tomar",,k9d6oM-gHFs,
https://youtu.be/vQ2ij7yYPK0?t=1s,Super Smash Bros. Ultimate,2021-02-21,2:32,"Lyle, Tomar",,vQ2ij7yYPK0,
https://youtu.be/2LF-7QhS8Jw?t=1s,Superliminal,2020-11-09,0:48,"Lyle, Tomar",,2LF-7QhS8Jw,
https://youtu.be/xjl5VgJCzpU?t=1s,T.O.M.E,2021-11-21,0:51,"Kirbopher, Tomar",,xjl5VgJCzpU,
https://youtu.be/9z87oAEOA34?t=1s,Tai Fu,2022-02-01,1:19,"Lyle, Tomar",,9z87oAEOA34,
https://youtu.be/cTWGCsb9GJY?t=1s,Tarzan,2018-08-04,0:26,"Dingdong, Amin",,cTWGCsb9GJY,
https://youtu.be/jtTSUJf-NQg?t=1s,Taz Mania - Ep 1,2017-08-07,0:10,"Dingdong, Julian",,jtTSUJf-NQg,
https://youtu.be/yV_2ltPeDWI?t=1s,Taz Mania - Ep 2,2017-08-08,0:14,"Dingdong, Julian",,yV_2ltPeDWI,
https://youtu.be/Fno6W4DeTgU?t=1s,Teardown,2020-11-06,0:31,"Zach, Tomar",,Fno6W4DeTgU,
https://youtu.be/-z14DnFKPcg?t=1s,Teardown With Mods,2023-04-06,1:19,"Adam, Lyle, Tomar",,-z14DnFKPcg,
https://youtu.be/38YLcu_KJCY?t=1s,Terrible Turkish Game On Steam,2019-05-31,0:32,"Zach, Tomar",,38YLcu_KJCY,
https://youtu.be/W8csMHJpV7U?t=1s,Tetris,2018-03-07,0:10,"Zach, Lyle",,W8csMHJpV7U,
https://youtu.be/1C4kVuITXW0?t=1s,That Which Gave Chase,2023-10-25,0:51,"Zach, Tomar",,1C4kVuITXW0,
https://youtu.be/6re_JsANXsQ?t=1s,The Greatest Horror Game,2018-10-22,0:12,"Zach, Tomar",,6re_JsANXsQ,
https://youtu.be/t6eTvkLsEkI?t=1s,The Man In The Park,2022-10-26,0:04,"Cory, Zach",,t6eTvkLsEkI,
https://youtu.be/UI21TSMjcuo?t=1s,The Skeleton Game,2019-10-27,0:19,"Zach, Tomar",,UI21TSMjcuo,
https://youtu.be/0HscBfQSsJc?t=1s,The Worst Game We've Ever Played,2019-05-27,0:23,"Zach, Tomar",,0HscBfQSsJc,
https://youtu.be/_ricmX6SKrs?t=1s,Titanfall 2,2020-02-22,2:51,"Cory, Lyle",,_ricmX6SKrs,
https://youtu.be/GmWJY_g-A7I?t=1s,Tom And Jerry,2018-08-20,0:27,"Zach, Michael",,GmWJY_g-A7I,
https://youtu.be/nGrUamSzKh4?t=1s,Tomb Raider I-III Remastered,2024-09-09,2:01,"Cory, Paddy",,nGrUamSzKh4,
https://youtu.be/Km7o-QKUxek?t=1s,Tomb Raider Remake,2016-08-23,0:49,"Dingdong, Julian",,Km7o-QKUxek,
https://youtu.be/A5Ums0YtmxQ?t=1s,Tomba,2018-03-14,0:33,"Zach, Lyle",,A5Ums0YtmxQ,
https://youtu.be/ih-PpXXxpOI?t=1s,Tomodachi Life (Volume 1),2024-05-31,1:15,"Cory, Dave",,ih-PpXXxpOI,
https://youtu.be/g0K7kl5froY?t=1s,Tomodachi Life (Volume 2),2024-05-31,1:38,"Cory, Dave",,g0K7kl5froY,
https://youtu.be/613CIZTuUvw?t=1s,Toontown Rewritten,2022-12-14,0:45,"Cory, Adam, Tomar",,613CIZTuUvw,
https://youtu.be/PNRga3Thliw?t=1s,Tormented Souls,2021-10-21,0:37,"Lyle, Tomar",,PNRga3Thliw,
https://youtu.be/mJ66SiXxW-w?t=1s,Totally Accurate Battle Simulator (TABS),2020-06-29,0:32,"Lyle, Tomar",,mJ66SiXxW-w,
https://youtu.be/CLB0PbtNtP8?t=1s,Totally Accurate Battlegrounds (TABG),2018-06-06,0:44,"Zach, Dingdong",,CLB0PbtNtP8,
https://youtu.be/U3wCjW1Oups?t=1s,Toy Story,2018-08-21,0:23,"Zach, Lyle",,U3wCjW1Oups,
https://youtu.be/Z5a9naYMmwU?t=1s,Tribes - Vengeance,2020-03-08,0:26,"Lyle, Tomar",,Z5a9naYMmwU,
https://youtu.be/hKHSvHYgyAo?t=1s,Truly Epic Dragon's Tale,2020-05-26,0:17,"Zach, Lyle",,hKHSvHYgyAo,
https://youtu.be/pVM7Ot-PA3M?t=1s,Twelve Minutes,2021-09-10,0:44,"Lyle, Tomar",,pVM7Ot-PA3M,
https://youtu.be/B7jHU5uVvGA?t=1s,Twinsen's Little Big Adveture 2,2024-05-18,2:04,"Lyle, Cory",,B7jHU5uVvGA,
https://youtu.be/LsD5zMolU2s?t=1s,Uncharted 2,2018-03-29,2:24,"Zach, Lyle",https://youtu.be/LsD5zMolU2s,LsD5zMolU2s,6d_swc9SRH8
https://youtu.be/ZTjYxA8mbO4?t=1s,Uncharted 4,2016-07-13,3:31,Egoraptor,,ZTjYxA8mbO4,
https://youtu.be/0xeZ_nzI-3M?t=1s,Undertale,2022-03-05,8:47,"Adam, Tomar",,0xeZ_nzI-3M,
https://youtu.be/OP7xNwYDPtM?t=1s,Unearthed,2020-08-11,1:07,"Lyle, Tomar",,OP7xNwYDPtM,
https://youtu.be/14hzrJV6n6k?t=1s,Universal Studios Theme Park Adventure - Ep 1,2019-07-25,0:19,"Lyle, Tomar",,14hzrJV6n6k,
https://youtu.be/Sqh8Dh5O-KI?t=1s,Universal Studios Theme Park Adventure - Ep 2,2019-07-27,0:16,"Lyle, Tomar",,Sqh8Dh5O-KI,
https://youtu.be/f8vluUHo9Dc?t=1s,Valheim,2021-03-27,0:35,"Zach, Lyle, Tomar",,f8vluUHo9Dc,
https://youtu.be/EhbE_5baWlw?t=1s,Vampire Survivors,2022-10-14,1:04,"Lyle, Cory",,EhbE_5baWlw,
https://youtu.be/DC6UedHWpCg?t=1s,Viewtiful Joe - Ep 1,2022-12-25,0:21,"Cory, Lyle",,DC6UedHWpCg,
https://youtu.be/SeM2c3ttC-k?t=1s,Viewtiful Joe - Ep 2,2023-01-18,0:22,"Cory, Lyle",,SeM2c3ttC-k,
https://youtu.be/x_9YTZyKe5o?t=1s,Visage,2018-10-18,1:50,"Zach, Tomar",,x_9YTZyKe5o,
https://youtu.be/PpytibO2wCc?t=1s,Warhammer - Vermintide 2,2020-03-30,0:50,"Zach, Lyle, Tomar",,PpytibO2wCc,
https://youtu.be/0pe2HUYnlrM?t=1s,Warioware,2021-06-13,1:32,"Dingdong, Julian",,0pe2HUYnlrM,
https://youtu.be/eTSINo3ruLk?t=1s,Webbed,2021-09-29,0:45,"Lyle, Tomar",,eTSINo3ruLk,
https://youtu.be/2OyTFoTVJBs?t=1s,Websplorers - Volume 1,2021-12-22,2:46,null,,2OyTFoTVJBs,
https://youtu.be/em2N6j1MpMA?t=1s,Weed Games,2018-04-20,0:17,Zach,,em2N6j1MpMA,
https://youtu.be/SF3Qi-rrqr8?t=1s,Wheel Travel,2019-04-27,0:50,"Mick, Tomar",,SF3Qi-rrqr8,
https://youtu.be/5yDZAiseIds?t=1s,Whiplash,2021-12-06,1:19,"Zach, Lyle",,5yDZAiseIds,
https://youtu.be/wh8bthQVNks?t=1s,Wild Woody,2016-12-09,0:33,"Dingdong, Julian",,wh8bthQVNks,
https://youtu.be/rw3Vh0laXVI?t=1s,Witch Hunt (2018 - 2020),2018-06-14,7:11,"Zach, Tomar",,rw3Vh0laXVI,
https://youtu.be/fgyraEyqRBM?t=1s,Wonderful 101 Remastered,2020-09-28,0:30,"Lyle, Tomar",,fgyraEyqRBM,
https://youtu.be/HqPwZaAzZwM?t=1s,World Of Warcraft,2024-03-22,0:33,"Cory, Adam, Dave",,HqPwZaAzZwM,
https://youtu.be/-VwAMsgAUvA?t=1s,Worms Armageddon,2020-05-28,4:31,"Zach, Lyle, Tomar",,-VwAMsgAUvA,
https://youtu.be/FhrsZIcXLvw?t=1s,Worms Reloaded,2020-04-23,3:33,"Zach, Lyle, Tomar",,FhrsZIcXLvw,
https://youtu.be/z8sJ73__pII?t=1s,"Yellow Baby, The",2022-10-20,0:29,"Zach, Cory",,z8sJ73__pII,
https://youtu.be/YR7_eHJ5vME?t=1s,YIIK - Ep1,2021-04-02,12:00,"Dingdong, Julian",,YR7_eHJ5vME,
https://youtu.be/pzHt3y2Bcro?t=1s,YIIK - Ep2,2021-04-02,3:00,"Dingdong, Julian",,pzHt3y2Bcro,
https://youtu.be/2gmj6oJmygk?t=1s,Yo Noid 2,2017-08-16,0:38,"Dingdong, Julian",,2gmj6oJmygk,
https://youtu.be/Bf4kH3m-sB0?t=1s,Yooka-Laylee,2017-04-19,2:12,"Dingdong, Julian",,Bf4kH3m-sB0,
https://youtu.be/BOak3tnFqSQ?t=1s,Yoshi Dead And Loving It!,2016-10-24,0:11,"Dingdong, Julian",,BOak3tnFqSQ,
https://youtu.be/Zwx3G06bxPA?t=1s,Yuppie Psycho,2022-11-05,2:00,"Cory, Tomar",,Zwx3G06bxPA,
https://youtu.be/OCEDXBKVRLM?t=1s,Zelda - A Link To The Past - Ep 1,2019-07-21,0:21,"Lyle, Tomar",,OCEDXBKVRLM,
https://youtu.be/GnwysUrAfF0?t=1s,Zelda - A Link To The Past - Ep 2,2019-07-23,0:26,"Lyle, Tomar",,GnwysUrAfF0,
https://youtu.be/QrEqp4IAey4?t=1s,Zelda - Breath Of The Wild,2018-09-18,0:31,"Zach, Lyle",,QrEqp4IAey4,
https://youtu.be/7fmlYxqf9SE?t=1s,Zelda - Link's Awakening,2022-09-24,2:16,"Cory, Tomar",,7fmlYxqf9SE,
https://youtu.be/e2D1D5KEDvM?t=1s,Zelda - Majora's Mask,2019-11-01,1:04,"Cory, Dave",,e2D1D5KEDvM,
https://youtu.be/H1ngFbboqKY?t=1s,Zelda - Ocarina Of Time,2018-04-29,2:12,"Dingdong, Julian",,H1ngFbboqKY,
https://youtu.be/Vpmb0oJUvf8?t=1s,Zelda - Tears Of The Kingdom,2023-06-08,1:05,"Zach, Lyle",,Vpmb0oJUvf8,
https://youtu.be/JB2HEsjghAU?t=1s,Zelda - The Wind Waker,2019-08-18,10:52,"Cory, Dave",,JB2HEsjghAU,
https://youtu.be/RQm3RwWeOnA?t=1s,Zelda 2,2019-05-18,2:00,"Mick, Tomar",,RQm3RwWeOnA,
https://youtu.be/7xrYkTgOpLE?t=1s,Zelda Rom Hack (Parallel Worlds),2019-06-05,0:39,"Mick, Tomar",,7xrYkTgOpLE,
https://youtu.be/1g6GWxvMv24?t=1s,Zeno Clash,2020-07-24,0:33,"Lyle, Tomar",,1g6GWxvMv24,
